-- phpMyAdmin SQL Dump
-- version 5.2.1
-- https://www.phpmyadmin.net/
--
-- Servidor: 127.0.0.1:3306
-- Tiempo de generación: 01-09-2025 a las 02:45:56
-- Versión del servidor: 8.2.0
-- Versión de PHP: 8.2.13

SET SQL_MODE = "NO_AUTO_VALUE_ON_ZERO";
START TRANSACTION;
SET time_zone = "+00:00";


/*!40101 SET @OLD_CHARACTER_SET_CLIENT=@@CHARACTER_SET_CLIENT */;
/*!40101 SET @OLD_CHARACTER_SET_RESULTS=@@CHARACTER_SET_RESULTS */;
/*!40101 SET @OLD_COLLATION_CONNECTION=@@COLLATION_CONNECTION */;
/*!40101 SET NAMES utf8mb4 */;

--
-- Base de datos: `ventas`
--

DELIMITER $$
--
-- Procedimientos
--
DROP PROCEDURE IF EXISTS `GeneratenVentas`$$
CREATE DEFINER=`root`@`localhost` PROCEDURE `GeneratenVentas` ()   BEGIN
    DECLARE i INT DEFAULT 1;
    DECLARE venta_codigo VARCHAR(10);
    DECLARE producto_id INT;

    WHILE i <= 100 DO
        SET venta_codigo = CONCAT('VTA-', LPAD(i, 6, '0'));
        
        -- Verificar si el código de venta existe en la tabla venta
        IF EXISTS (SELECT 1 FROM venta WHERE venta_codigo = venta_codigo) THEN
            -- Generar un producto_id aleatorio entre 1001 y 1200
            SET producto_id = FLOOR(1001 + RAND() * 200); -- Esto generará un número entre 1001 y 1200

            INSERT INTO venta_detalle (venta_detalle_cantidad, venta_detalle_precio_compra, venta_detalle_precio_venta, venta_detalle_total, venta_detalle_descripcion, venta_codigo, producto_id)
            VALUES (
                FLOOR(1 + RAND() * 5), -- Cantidad entre 1 y 5
                ROUND(RAND() * 100, 2), -- Precio de compra aleatorio
                ROUND(RAND() * 200, 2), -- Precio de venta aleatorio
                ROUND(RAND() * 1000, 2), -- Total aleatorio
                CONCAT('Venta de ', FLOOR(1 + RAND() * 5), ' unidades del producto ', producto_id), -- Descripción
                venta_codigo,
                producto_id
            );
        END IF;

        SET i = i + 1;
    END WHILE;
END$$

DROP PROCEDURE IF EXISTS `GenerateVentas`$$
CREATE DEFINER=`root`@`localhost` PROCEDURE `GenerateVentas` ()   BEGIN
    DECLARE i INT DEFAULT 1;
    DECLARE venta_codigo VARCHAR(10);
    DECLARE producto_id INT;

    WHILE i <= 1100 DO
        SET venta_codigo = CONCAT('VTA-', LPAD(i, 6, '0'));
        
        -- Generar un producto_id aleatorio entre 1001 y 1200
        SET producto_id = FLOOR(1001 + RAND() * 200); -- Esto generará un número entre 1001 y 1200

        INSERT INTO venta_detalle (venta_detalle_cantidad, venta_detalle_precio_compra, venta_detalle_precio_venta, venta_detalle_total, venta_detalle_descripcion, venta_codigo, producto_id)
        VALUES (
            FLOOR(1 + RAND() * 5), -- Cantidad entre 1 y 5
            ROUND(RAND() * 100, 2), -- Precio de compra aleatorio
            ROUND(RAND() * 200, 2), -- Precio de venta aleatorio
            ROUND(RAND() * 1000, 2), -- Total aleatorio
            CONCAT('Venta de ', FLOOR(1 + RAND() * 5), ' unidades del producto ', producto_id), -- Descripción
            venta_codigo,
            producto_id
        );

        SET i = i + 1;
    END WHILE;
END$$

DELIMITER ;

-- --------------------------------------------------------

--
-- Estructura de tabla para la tabla `caja`
--

DROP TABLE IF EXISTS `caja`;
CREATE TABLE IF NOT EXISTS `caja` (
  `caja_id` int NOT NULL AUTO_INCREMENT,
  `caja_numero` int NOT NULL,
  `caja_nombre` varchar(100) CHARACTER SET utf8mb3 COLLATE utf8mb3_spanish2_ci NOT NULL,
  `caja_efectivo` decimal(30,2) NOT NULL,
  PRIMARY KEY (`caja_id`)
) ENGINE=InnoDB AUTO_INCREMENT=22 DEFAULT CHARSET=utf8mb3 COLLATE=utf8mb3_spanish2_ci;

--
-- Volcado de datos para la tabla `caja`
--

INSERT INTO `caja` (`caja_id`, `caja_numero`, `caja_nombre`, `caja_efectivo`) VALUES
(1, 1, 'Caja Principal', 1800.00),
(2, 1, 'Caja Principal - Piso 1', 2000.00),
(3, 2, 'Caja Electrodomésticos', 1900.00),
(4, 3, 'Caja Tecnología', 1800.00),
(5, 4, 'Caja Telefonía y Audio', 1700.00),
(6, 5, 'Caja Express - Entrada', 1600.00),
(7, 6, 'Caja Hogar y Cocina', 1500.00),
(8, 7, 'Caja Gaming y Entretenimiento', 1400.00),
(9, 8, 'Caja Servicios Técnicos', 1300.00),
(10, 9, 'Caja Zona Outlet', 1200.00),
(11, 10, 'Caja VIP - Clientes Premium', 1100.00),
(12, 11, 'Caja Autoservicio 1', 1000.00),
(13, 12, 'Caja Autoservicio 2', 900.00),
(14, 13, 'Caja Devoluciones', 800.00),
(15, 14, 'Caja Garantías', 700.00),
(16, 15, 'Caja Accesorios', 600.00),
(17, 16, 'Caja Línea Blanca', 500.00),
(18, 17, 'Caja Fotografía y Video', 400.00),
(19, 18, 'Caja Computación', 300.00),
(20, 19, 'Caja Domicilios', 200.00),
(21, 20, 'Caja Supervisión', 100.00);

-- --------------------------------------------------------

--
-- Estructura de tabla para la tabla `categoria`
--

DROP TABLE IF EXISTS `categoria`;
CREATE TABLE IF NOT EXISTS `categoria` (
  `categoria_id` int NOT NULL AUTO_INCREMENT,
  `categoria_nombre` varchar(50) CHARACTER SET utf8mb3 COLLATE utf8mb3_spanish2_ci NOT NULL,
  `categoria_ubicacion` varchar(150) CHARACTER SET utf8mb3 COLLATE utf8mb3_spanish2_ci NOT NULL,
  PRIMARY KEY (`categoria_id`)
) ENGINE=InnoDB AUTO_INCREMENT=1021 DEFAULT CHARSET=utf8mb3 COLLATE=utf8mb3_spanish2_ci;

--
-- Volcado de datos para la tabla `categoria`
--

INSERT INTO `categoria` (`categoria_id`, `categoria_nombre`, `categoria_ubicacion`) VALUES
(1001, 'Televisores', 'Pasillo 1'),
(1002, 'Refrigeradores', 'Pasillo 2'),
(1003, 'Lavadoras y Secadoras', 'Pasillo 3'),
(1004, 'Estufas y Hornos', 'Pasillo 4'),
(1005, 'Microondas', 'Pasillo 5'),
(1006, 'Pequeños Electrodomésticos de Cocina', 'Pasillo 6'),
(1007, 'Licuadoras y Batidoras', 'Pasillo 7'),
(1008, 'Cafeteras y Teteras Eléctricas', 'Pasillo 8'),
(1009, 'Aspiradoras', 'Pasillo 9'),
(1010, 'Climatización (Aires y Calefactores)', 'Pasillo 10'),
(1011, 'Computadores y Portátiles', 'Zona Tecnología'),
(1012, 'Tablets y Accesorios', 'Zona Tecnología'),
(1013, 'Celulares y Smartphones', 'Zona Telefonía'),
(1014, 'Audio y Sonido', 'Zona Audio'),
(1015, 'Parlantes y Bocinas', 'Zona Audio'),
(1016, 'Consolas y Videojuegos', 'Zona Entretenimiento'),
(1017, 'Cámaras y Fotografía', 'Zona Fotografía'),
(1018, 'Impresoras y Multifuncionales', 'Zona Oficina'),
(1019, 'Iluminación LED y Accesorios', 'Zona Hogar'),
(1020, 'Cuidado Personal (Secadores, Afeitadoras)', 'Zona Salud y Belleza');

-- --------------------------------------------------------

--
-- Estructura de tabla para la tabla `cliente`
--

DROP TABLE IF EXISTS `cliente`;
CREATE TABLE IF NOT EXISTS `cliente` (
  `cliente_id` int NOT NULL AUTO_INCREMENT,
  `cliente_tipo_documento` varchar(20) CHARACTER SET utf8mb3 COLLATE utf8mb3_spanish2_ci NOT NULL,
  `cliente_numero_documento` varchar(35) CHARACTER SET utf8mb3 COLLATE utf8mb3_spanish2_ci NOT NULL,
  `cliente_nombre` varchar(50) CHARACTER SET utf8mb3 COLLATE utf8mb3_spanish2_ci NOT NULL,
  `cliente_apellido` varchar(50) CHARACTER SET utf8mb3 COLLATE utf8mb3_spanish2_ci NOT NULL,
  `cliente_provincia` varchar(30) CHARACTER SET utf8mb3 COLLATE utf8mb3_spanish2_ci NOT NULL,
  `cliente_ciudad` varchar(30) CHARACTER SET utf8mb3 COLLATE utf8mb3_spanish2_ci NOT NULL,
  `cliente_direccion` varchar(70) CHARACTER SET utf8mb3 COLLATE utf8mb3_spanish2_ci NOT NULL,
  `cliente_telefono` varchar(20) CHARACTER SET utf8mb3 COLLATE utf8mb3_spanish2_ci NOT NULL,
  `cliente_email` varchar(50) CHARACTER SET utf8mb3 COLLATE utf8mb3_spanish2_ci NOT NULL,
  PRIMARY KEY (`cliente_id`)
) ENGINE=InnoDB AUTO_INCREMENT=102 DEFAULT CHARSET=utf8mb3 COLLATE=utf8mb3_spanish2_ci;

--
-- Volcado de datos para la tabla `cliente`
--

INSERT INTO `cliente` (`cliente_id`, `cliente_tipo_documento`, `cliente_numero_documento`, `cliente_nombre`, `cliente_apellido`, `cliente_provincia`, `cliente_ciudad`, `cliente_direccion`, `cliente_telefono`, `cliente_email`) VALUES
(1, 'Otro', 'N/A', 'Publico', 'General', 'N/A', 'N/A', 'N/A', 'N/A', 'N/A'),
(2, 'Cédula de Ciudadanía', '1012345678', 'Juan', 'Pérez', 'Cundinamarca', 'Bogotá', 'Calle 72 # 10-15', '3101234567', 'juan.perez@gmail.com'),
(3, 'Cédula de Ciudadanía', '1023456789', 'María', 'Rodríguez', 'Cundinamarca', 'Bogotá', 'Carrera 15 # 85-23', '3112345678', 'maria.rodriguez@hotmail.com'),
(4, 'Cédula de Ciudadanía', '1034567890', 'Carlos', 'González', 'Cundinamarca', 'Bogotá', 'Avenida 68 # 45-12', '3123456789', 'carlos.gonzalez@yahoo.com'),
(5, 'Cédula de Ciudadanía', '1045678901', 'Ana', 'López', 'Cundinamarca', 'Bogotá', 'Calle 127 # 7-89', '3134567890', 'ana.lopez@gmail.com'),
(6, 'Cédula de Ciudadanía', '1056789012', 'Luis', 'Martínez', 'Cundinamarca', 'Bogotá', 'Carrera 30 # 45-67', '3145678901', 'luis.martinez@outlook.com'),
(7, 'Cédula de Ciudadanía', '1067890123', 'Patricia', 'García', 'Cundinamarca', 'Bogotá', 'Calle 53 # 14-25', '3156789012', 'patricia.garcia@gmail.com'),
(8, 'Cédula de Ciudadanía', '1078901234', 'Roberto', 'Silva', 'Cundinamarca', 'Bogotá', 'Carrera 11 # 93-41', '3167890123', 'roberto.silva@hotmail.com'),
(9, 'Cédula de Ciudadanía', '1089012345', 'Carmen', 'Torres', 'Cundinamarca', 'Bogotá', 'Avenida Boyacá # 72-15', '3178901234', 'carmen.torres@yahoo.com'),
(10, 'Cédula de Ciudadanía', '1090123456', 'Diego', 'Ramírez', 'Cundinamarca', 'Bogotá', 'Calle 134 # 15-32', '3189012345', 'diego.ramirez@gmail.com'),
(11, 'Cédula de Ciudadanía', '1101234567', 'Sofía', 'Morales', 'Cundinamarca', 'Bogotá', 'Carrera 7 # 32-18', '3190123456', 'sofia.morales@outlook.com'),
(12, 'Cédula de Ciudadanía', '1112345678', 'Andrés', 'Vargas', 'Cundinamarca', 'Bogotá', 'Calle 26 # 68-45', '3201234567', 'andres.vargas@gmail.com'),
(13, 'Cédula de Ciudadanía', '1123456789', 'Valentina', 'Castro', 'Cundinamarca', 'Bogotá', 'Carrera 24 # 57-89', '3212345678', 'valentina.castro@hotmail.com'),
(14, 'Cédula de Ciudadanía', '1134567890', 'Felipe', 'Jiménez', 'Cundinamarca', 'Bogotá', 'Avenida Chile # 45-23', '3223456789', 'felipe.jimenez@yahoo.com'),
(15, 'Cédula de Ciudadanía', '1145678901', 'Camila', 'Ruiz', 'Cundinamarca', 'Bogotá', 'Calle 85 # 15-67', '3234567890', 'camila.ruiz@gmail.com'),
(16, 'Cédula de Ciudadanía', '1156789012', 'Sebastián', 'Mendoza', 'Cundinamarca', 'Bogotá', 'Carrera 50 # 127-12', '3245678901', 'sebastian.mendoza@outlook.com'),
(17, 'Cédula de Ciudadanía', '1167890123', 'Isabella', 'Peña', 'Cundinamarca', 'Bogotá', 'Calle 100 # 9-45', '3256789012', 'isabella.pena@gmail.com'),
(18, 'Cédula de Ciudadanía', '1178901234', 'Alejandro', 'Vega', 'Cundinamarca', 'Bogotá', 'Carrera 13 # 85-78', '3267890123', 'alejandro.vega@hotmail.com'),
(19, 'Cédula de Ciudadanía', '1189012345', 'Natalia', 'Ospina', 'Cundinamarca', 'Bogotá', 'Avenida 19 # 104-25', '3278901234', 'natalia.ospina@yahoo.com'),
(20, 'Cédula de Ciudadanía', '1190123456', 'Mauricio', 'Delgado', 'Cundinamarca', 'Bogotá', 'Calle 63 # 24-89', '3289012345', 'mauricio.delgado@gmail.com'),
(21, 'Cédula de Ciudadanía', '1201234567', 'Daniela', 'Acosta', 'Cundinamarca', 'Bogotá', 'Carrera 45 # 76-34', '3290123456', 'daniela.acosta@outlook.com'),
(22, 'Cédula de Ciudadanía', '1212345678', 'Gabriel', 'Rojas', 'Cundinamarca', 'Bogotá', 'Calle 147 # 7-56', '3301234567', 'gabriel.rojas@gmail.com'),
(23, 'Cédula de Ciudadanía', '1223456789', 'Juliana', 'Moreno', 'Cundinamarca', 'Bogotá', 'Carrera 68 # 45-12', '3312345678', 'juliana.moreno@hotmail.com'),
(24, 'Cédula de Ciudadanía', '1234567890', 'Nicolás', 'Gutiérrez', 'Cundinamarca', 'Bogotá', 'Avenida Suba # 92-45', '3323456789', 'nicolas.gutierrez@yahoo.com'),
(25, 'Cédula de Ciudadanía', '1245678901', 'Mariana', 'Salazar', 'Cundinamarca', 'Bogotá', 'Calle 170 # 54-23', '3334567890', 'mariana.salazar@gmail.com'),
(26, 'Cédula de Ciudadanía', '1256789012', 'Santiago', 'Paredes', 'Cundinamarca', 'Bogotá', 'Carrera 91 # 127-67', '3345678901', 'santiago.paredes@outlook.com'),
(27, 'Cédula de Ciudadanía', '1267890123', 'Alejandra', 'Montoya', 'Cundinamarca', 'Bogotá', 'Calle 80 # 11-89', '3356789012', 'alejandra.montoya@gmail.com'),
(28, 'Cédula de Ciudadanía', '1278901234', 'Fernando', 'Herrera', 'Cundinamarca', 'Bogotá', 'Carrera 15 # 106-45', '3367890123', 'fernando.herrera@hotmail.com'),
(29, 'Cédula de Ciudadanía', '1289012345', 'Paola', 'Castillo', 'Cundinamarca', 'Bogotá', 'Avenida El Dorado # 68-12', '3378901234', 'paola.castillo@yahoo.com'),
(30, 'Cédula de Ciudadanía', '1290123456', 'Ricardo', 'Mejía', 'Cundinamarca', 'Bogotá', 'Calle 45 # 24-78', '3389012345', 'ricardo.mejia@gmail.com'),
(31, 'Cédula de Ciudadanía', '1301234567', 'Cristina', 'Aguilar', 'Cundinamarca', 'Bogotá', 'Carrera 52 # 67-34', '3390123456', 'cristina.aguilar@outlook.com'),
(32, 'Cédula de Ciudadanía', '1312345678', 'Javier', 'Quintero', 'Cundinamarca', 'Bogotá', 'Calle 116 # 9-56', '3401234567', 'javier.quintero@gmail.com'),
(33, 'Cédula de Ciudadanía', '1323456789', 'Laura', 'Ramos', 'Cundinamarca', 'Bogotá', 'Carrera 30 # 85-23', '3412345678', 'laura.ramos@hotmail.com'),
(34, 'Cédula de Ciudadanía', '1334567890', 'Héctor', 'Sánchez', 'Cundinamarca', 'Bogotá', 'Avenida Caracas # 45-67', '3423456789', 'hector.sanchez@yahoo.com'),
(35, 'Cédula de Ciudadanía', '1345678901', 'Mónica', 'Ortiz', 'Cundinamarca', 'Bogotá', 'Calle 94 # 15-89', '3434567890', 'monica.ortiz@gmail.com'),
(36, 'Cédula de Ciudadanía', '1356789012', 'Esteban', 'Cruz', 'Cundinamarca', 'Bogotá', 'Carrera 47 # 76-45', '3445678901', 'esteban.cruz@outlook.com'),
(37, 'Cédula de Ciudadanía', '1367890123', 'Viviana', 'Díaz', 'Cundinamarca', 'Bogotá', 'Calle 138 # 7-23', '3456789012', 'viviana.diaz@gmail.com'),
(38, 'Cédula de Ciudadanía', '1378901234', 'Oscar', 'Blanco', 'Cundinamarca', 'Bogotá', 'Carrera 68 # 127-56', '3467890123', 'oscar.blanco@hotmail.com'),
(39, 'Cédula de Ciudadanía', '1389012345', 'Claudia', 'Medina', 'Cundinamarca', 'Bogotá', 'Avenida Ciudad de Quito # 45-12', '3478901234', 'claudia.medina@yahoo.com'),
(40, 'Cédula de Ciudadanía', '1390123456', 'Iván', 'Guerrero', 'Cundinamarca', 'Bogotá', 'Calle 57 # 24-78', '3489012345', 'ivan.guerrero@gmail.com'),
(41, 'Cédula de Ciudadanía', '1401234567', 'Ingrid', 'Romero', 'Cundinamarca', 'Bogotá', 'Carrera 13 # 67-34', '3490123456', 'ingrid.romero@outlook.com'),
(42, 'Cédula de Ciudadanía', '1412345678', 'Manuel', 'Navarro', 'Cundinamarca', 'Bogotá', 'Calle 106 # 15-56', '3501234567', 'manuel.navarro@gmail.com'),
(43, 'Cédula de Ciudadanía', '1423456789', 'Adriana', 'Jiménez', 'Cundinamarca', 'Bogotá', 'Carrera 50 # 85-23', '3512345678', 'adriana.jimenez@hotmail.com'),
(44, 'Cédula de Ciudadanía', '1434567890', 'Raúl', 'Vásquez', 'Cundinamarca', 'Bogotá', 'Avenida NQS # 45-67', '3523456789', 'raul.vasquez@yahoo.com'),
(45, 'Cédula de Ciudadanía', '1445678901', 'Tatiana', 'Parra', 'Cundinamarca', 'Bogotá', 'Calle 76 # 11-89', '3534567890', 'tatiana.parra@gmail.com'),
(46, 'Cédula de Ciudadanía', '1456789012', 'Germán', 'Cortés', 'Cundinamarca', 'Bogotá', 'Carrera 45 # 94-45', '3545678901', 'german.cortes@outlook.com'),
(47, 'Cédula de Ciudadanía', '1467890123', 'Liliana', 'Muñoz', 'Cundinamarca', 'Bogotá', 'Calle 127 # 47-23', '3556789012', 'liliana.munoz@gmail.com'),
(48, 'Cédula de Ciudadanía', '1478901234', 'Álvaro', 'Restrepo', 'Cundinamarca', 'Bogotá', 'Carrera 68 # 85-56', '3567890123', 'alvaro.restrepo@hotmail.com'),
(49, 'Cédula de Ciudadanía', '1489012345', 'Sandra', 'Caballero', 'Cundinamarca', 'Bogotá', 'Avenida Primero de Mayo # 12-34', '3578901234', 'sandra.caballero@yahoo.com'),
(50, 'Cédula de Ciudadanía', '1490123456', 'Rodrigo', 'León', 'Cundinamarca', 'Bogotá', 'Calle 39 # 24-78', '3589012345', 'rodrigo.leon@gmail.com'),
(51, 'Cédula de Ciudadanía', '1501234567', 'Esperanza', 'Molina', 'Cundinamarca', 'Bogotá', 'Carrera 30 # 67-34', '3590123456', 'esperanza.molina@outlook.com'),
(52, 'Cédula de Ciudadanía', '1512345678', 'Arturo', 'Cardona', 'Cundinamarca', 'Bogotá', 'Calle 92 # 15-56', '3601234567', 'arturo.cardona@gmail.com'),
(53, 'Cédula de Ciudadanía', '1523456789', 'Gloria', 'Varela', 'Cundinamarca', 'Bogotá', 'Carrera 52 # 106-23', '3612345678', 'gloria.varela@hotmail.com'),
(54, 'Cédula de Ciudadanía', '1534567890', 'Sergio', 'Bernal', 'Cundinamarca', 'Bogotá', 'Avenida Boyacá # 67-89', '3623456789', 'sergio.bernal@yahoo.com'),
(55, 'Cédula de Ciudadanía', '1545678901', 'Ximena', 'Padilla', 'Cundinamarca', 'Bogotá', 'Calle 134 # 45-12', '3634567890', 'ximena.padilla@gmail.com'),
(56, 'Cédula de Ciudadanía', '1556789012', 'Enrique', 'Escobar', 'Cundinamarca', 'Bogotá', 'Carrera 7 # 76-45', '3645678901', 'enrique.escobar@outlook.com'),
(57, 'Cédula de Ciudadanía', '1567890123', 'Beatriz', 'Maldonado', 'Cundinamarca', 'Bogotá', 'Calle 116 # 11-78', '3656789012', 'beatriz.maldonado@gmail.com'),
(58, 'Cédula de Ciudadanía', '1578901234', 'Guillermo', 'Suárez', 'Cundinamarca', 'Bogotá', 'Carrera 15 # 127-34', '3667890123', 'guillermo.suarez@hotmail.com'),
(59, 'Cédula de Ciudadanía', '1589012345', 'Teresa', 'Gómez', 'Cundinamarca', 'Bogotá', 'Avenida Séptima # 85-56', '3678901234', 'teresa.gomez@yahoo.com'),
(60, 'Cédula de Ciudadanía', '1590123456', 'Ignacio', 'Rojas', 'Cundinamarca', 'Bogotá', 'Calle 53 # 24-89', '3689012345', 'ignacio.rojas@gmail.com'),
(61, 'Cédula de Ciudadanía', '1601234567', 'Amparo', 'Figueroa', 'Cundinamarca', 'Bogotá', 'Carrera 45 # 67-12', '3690123456', 'amparo.figueroa@outlook.com'),
(62, 'Cédula de Ciudadanía', '1612345678', 'Rubén', 'Peñaloza', 'Cundinamarca', 'Bogotá', 'Calle 85 # 47-45', '3701234567', 'ruben.penaloza@gmail.com'),
(63, 'Cédula de Ciudadanía', '1623456789', 'Yolanda', 'Henríquez', 'Cundinamarca', 'Bogotá', 'Carrera 68 # 94-23', '3712345678', 'yolanda.henriquez@hotmail.com'),
(64, 'Cédula de Ciudadanía', '1634567890', 'Tomás', 'Arbeláez', 'Cundinamarca', 'Bogotá', 'Avenida Chile # 15-67', '3723456789', 'tomas.arbelaez@yahoo.com'),
(65, 'Cédula de Ciudadanía', '1645678901', 'Rocío', 'Valencia', 'Cundinamarca', 'Bogotá', 'Calle 127 # 68-34', '3734567890', 'rocio.valencia@gmail.com'),
(66, 'Cédula de Ciudadanía', '1656789012', 'Alberto', 'Zapata', 'Cundinamarca', 'Bogotá', 'Carrera 30 # 106-56', '3745678901', 'alberto.zapata@outlook.com'),
(67, 'Cédula de Ciudadanía', '1667890123', 'Pilar', 'Galeano', 'Cundinamarca', 'Bogotá', 'Calle 100 # 45-89', '3756789012', 'pilar.galeano@gmail.com'),
(68, 'Cédula de Ciudadanía', '1678901234', 'Ernesto', 'Durán', 'Cundinamarca', 'Bogotá', 'Carrera 11 # 76-23', '3767890123', 'ernesto.duran@hotmail.com'),
(69, 'Cédula de Ciudadanía', '1689012345', 'Olga', 'Carrillo', 'Cundinamarca', 'Bogotá', 'Avenida Boyacá # 127-45', '3778901234', 'olga.carrillo@yahoo.com'),
(70, 'Cédula de Ciudadanía', '1690123456', 'Francisco', 'Arango', 'Cundinamarca', 'Bogotá', 'Calle 72 # 24-67', '3789012345', 'francisco.arango@gmail.com'),
(71, 'Cédula de Ciudadanía', '1701234567', 'Luz', 'Pineda', 'Cundinamarca', 'Bogotá', 'Carrera 52 # 85-34', '3790123456', 'luz.pineda@outlook.com'),
(72, 'Cédula de Ciudadanía', '1712345678', 'Gonzalo', 'Lozano', 'Cundinamarca', 'Bogotá', 'Calle 134 # 15-78', '3801234567', 'gonzalo.lozano@gmail.com'),
(73, 'Cédula de Ciudadanía', '1723456789', 'Miriam', 'Cárdenas', 'Cundinamarca', 'Bogotá', 'Carrera 7 # 94-56', '3812345678', 'miriam.cardenas@hotmail.com'),
(74, 'Cédula de Ciudadanía', '1734567890', 'Julio', 'Monsalve', 'Cundinamarca', 'Bogotá', 'Avenida NQS # 67-12', '3823456789', 'julio.monsalve@yahoo.com'),
(75, 'Cédula de Ciudadanía', '1745678901', 'Elena', 'Beltrán', 'Cundinamarca', 'Bogotá', 'Calle 63 # 45-89', '3834567890', 'elena.beltran@gmail.com'),
(76, 'Cédula de Ciudadanía', '1756789012', 'Ramiro', 'Cáceres', 'Cundinamarca', 'Bogotá', 'Carrera 15 # 76-45', '3845678901', 'ramiro.caceres@outlook.com'),
(77, 'Cédula de Ciudadanía', '1767890123', 'Nora', 'Téllez', 'Cundinamarca', 'Bogotá', 'Calle 106 # 68-23', '3856789012', 'nora.tellez@gmail.com'),
(78, 'Cédula de Ciudadanía', '1778901234', 'Emilio', 'Ibáñez', 'Cundinamarca', 'Bogotá', 'Carrera 30 # 127-67', '3867890123', 'emilio.ibanez@hotmail.com'),
(79, 'Cédula de Ciudadanía', '1789012345', 'Rosa', 'Nieto', 'Cundinamarca', 'Bogotá', 'Avenida Caracas # 85-34', '3878901234', 'rosa.nieto@yahoo.com'),
(80, 'Cédula de Ciudadanía', '1790123456', 'Armando', 'Campos', 'Cundinamarca', 'Bogotá', 'Calle 45 # 47-78', '3889012345', 'armando.campos@gmail.com'),
(81, 'Cédula de Ciudadanía', '1801234567', 'Martha', 'Villegas', 'Cundinamarca', 'Bogotá', 'Carrera 68 # 94-56', '3890123456', 'martha.villegas@outlook.com'),
(82, 'Cédula de Ciudadanía', '1812345678', 'Alfredo', 'Salinas', 'Cundinamarca', 'Bogotá', 'Calle 116 # 15-34', '3901234567', 'alfredo.salinas@gmail.com'),
(83, 'Cédula de Ciudadanía', '1823456789', 'Silvia', 'Pedraza', 'Cundinamarca', 'Bogotá', 'Carrera 45 # 106-67', '3912345678', 'silvia.pedraza@hotmail.com'),
(84, 'Cédula de Ciudadanía', '1834567890', 'Jaime', 'Mora', 'Cundinamarca', 'Bogotá', 'Avenida El Dorado # 76-23', '3923456789', 'jaime.mora@yahoo.com'),
(85, 'Cédula de Ciudadanía', '1845678901', 'Dora', 'Estrada', 'Cundinamarca', 'Bogotá', 'Calle 85 # 68-45', '3934567890', 'dora.estrada@gmail.com'),
(86, 'Cédula de Ciudadanía', '1856789012', 'Víctor', 'Miranda', 'Cundinamarca', 'Bogotá', 'Carrera 11 # 127-89', '3945678901', 'victor.miranda@outlook.com'),
(87, 'Cédula de Ciudadanía', '1867890123', 'Consuelo', 'Rueda', 'Cundinamarca', 'Bogotá', 'Calle 127 # 24-56', '3956789012', 'consuelo.rueda@gmail.com'),
(88, 'Cédula de Ciudadanía', '1878901234', 'Rafael', 'Botero', 'Cundinamarca', 'Bogotá', 'Carrera 50 # 85-78', '3967890123', 'rafael.botero@hotmail.com'),
(89, 'Cédula de Ciudadanía', '1889012345', 'Graciela', 'Arias', 'Cundinamarca', 'Bogotá', 'Avenida Boyacá # 45-34', '3978901234', 'graciela.arias@yahoo.com'),
(90, 'Cédula de Ciudadanía', '1890123456', 'Edmundo', 'Poveda', 'Cundinamarca', 'Bogotá', 'Calle 94 # 67-12', '3989012345', 'edmundo.poveda@gmail.com'),
(91, 'Cédula de Ciudadanía', '1901234567', 'Blanca', 'Cardozo', 'Cundinamarca', 'Bogotá', 'Carrera 7 # 76-89', '3990123456', 'blanca.cardozo@outlook.com'),
(92, 'Cédula de Ciudadanía', '1912345678', 'Orlando', 'Pacheco', 'Cundinamarca', 'Bogotá', 'Calle 53 # 47-45', '4001234567', 'orlando.pacheco@gmail.com'),
(93, 'Cédula de Ciudadanía', '1923456789', 'Esperanza', 'Franco', 'Cundinamarca', 'Bogotá', 'Carrera 15 # 94-23', '4012345678', 'esperanza.franco@hotmail.com'),
(94, 'Cédula de Ciudadanía', '1934567890', 'Aurelio', 'Bermúdez', 'Cundinamarca', 'Bogotá', 'Avenida Chile # 68-67', '4023456789', 'aurelio.bermudez@yahoo.com'),
(95, 'Cédula de Ciudadanía', '1945678901', 'Stella', 'Varón', 'Cundinamarca', 'Bogotá', 'Calle 106 # 30-34', '4034567890', 'stella.varon@gmail.com'),
(96, 'Cédula de Ciudadanía', '1956789012', 'Humberto', 'Prieto', 'Cundinamarca', 'Bogotá', 'Carrera 68 # 127-56', '4045678901', 'humberto.prieto@outlook.com'),
(97, 'Cédula de Ciudadanía', '1967890123', 'Lucía', 'Gallego', 'Cundinamarca', 'Bogotá', 'Calle 134 # 45-78', '4056789012', 'lucia.gallego@gmail.com'),
(98, 'Cédula de Ciudadanía', '1978901234', 'Efraín', 'Cerón', 'Cundinamarca', 'Bogotá', 'Carrera 52 # 85-89', '4067890123', 'efrain.ceron@hotmail.com'),
(99, 'Cédula de Ciudadanía', '1989012345', 'Gladys', 'Henao', 'Cundinamarca', 'Bogotá', 'Avenida NQS # 76-34', '4078901234', 'gladys.henao@yahoo.com'),
(100, 'Cédula de Ciudadanía', '1990123456', 'Hernán', 'Castaño', 'Cundinamarca', 'Bogotá', 'Calle 72 # 47-12', '4089012345', 'hernan.castano@gmail.com'),
(101, 'Cédula de Ciudadanía', '2001234567', 'Magnolia', 'Tobón', 'Cundinamarca', 'Bogotá', 'Carrera 30 # 94-67', '4090123456', 'magnolia.tobon@outlook.com');

-- --------------------------------------------------------

--
-- Estructura de tabla para la tabla `empresa`
--

DROP TABLE IF EXISTS `empresa`;
CREATE TABLE IF NOT EXISTS `empresa` (
  `empresa_id` int NOT NULL AUTO_INCREMENT,
  `empresa_nombre` varchar(90) CHARACTER SET utf8mb3 COLLATE utf8mb3_spanish2_ci NOT NULL,
  `empresa_telefono` varchar(20) CHARACTER SET utf8mb3 COLLATE utf8mb3_spanish2_ci NOT NULL,
  `empresa_email` varchar(50) CHARACTER SET utf8mb3 COLLATE utf8mb3_spanish2_ci NOT NULL,
  `empresa_direccion` varchar(100) CHARACTER SET utf8mb3 COLLATE utf8mb3_spanish2_ci NOT NULL,
  PRIMARY KEY (`empresa_id`)
) ENGINE=InnoDB AUTO_INCREMENT=2 DEFAULT CHARSET=utf8mb3 COLLATE=utf8mb3_spanish2_ci;

--
-- Volcado de datos para la tabla `empresa`
--

INSERT INTO `empresa` (`empresa_id`, `empresa_nombre`, `empresa_telefono`, `empresa_email`, `empresa_direccion`) VALUES
(1, 'Electrodom', '3243435545', 'electrodomTienda@gmail.com', 'zipaquira');

-- --------------------------------------------------------

--
-- Estructura de tabla para la tabla `producto`
--

DROP TABLE IF EXISTS `producto`;
CREATE TABLE IF NOT EXISTS `producto` (
  `producto_id` int NOT NULL AUTO_INCREMENT,
  `producto_codigo` varchar(77) CHARACTER SET utf8mb3 COLLATE utf8mb3_spanish2_ci NOT NULL,
  `producto_nombre` varchar(100) CHARACTER SET utf8mb3 COLLATE utf8mb3_spanish2_ci NOT NULL,
  `producto_stock_total` int NOT NULL,
  `producto_tipo_unidad` varchar(20) CHARACTER SET utf8mb3 COLLATE utf8mb3_spanish2_ci NOT NULL,
  `producto_precio_compra` decimal(30,2) NOT NULL,
  `producto_precio_venta` decimal(30,2) NOT NULL,
  `producto_marca` varchar(35) CHARACTER SET utf8mb3 COLLATE utf8mb3_spanish2_ci NOT NULL,
  `producto_modelo` varchar(35) CHARACTER SET utf8mb3 COLLATE utf8mb3_spanish2_ci NOT NULL,
  `producto_estado` varchar(20) CHARACTER SET utf8mb3 COLLATE utf8mb3_spanish2_ci NOT NULL,
  `producto_foto` varchar(500) CHARACTER SET utf8mb3 COLLATE utf8mb3_spanish2_ci NOT NULL,
  `categoria_id` int NOT NULL,
  PRIMARY KEY (`producto_id`),
  KEY `categoria_id` (`categoria_id`)
) ENGINE=InnoDB AUTO_INCREMENT=1201 DEFAULT CHARSET=utf8mb3 COLLATE=utf8mb3_spanish2_ci;

--
-- Volcado de datos para la tabla `producto`
--

INSERT INTO `producto` (`producto_id`, `producto_codigo`, `producto_nombre`, `producto_stock_total`, `producto_tipo_unidad`, `producto_precio_compra`, `producto_precio_venta`, `producto_marca`, `producto_modelo`, `producto_estado`, `producto_foto`, `categoria_id`) VALUES
(1001, 'TV001', 'Smart TV LED 32 pulgadas HD', 15, 'Unidad', 450000.00, 599000.00, 'Samsung', 'UN32T4300', 'Activo', 'tv_samsung_32.jpg', 1001),
(1002, 'TV002', 'Smart TV LED 43 pulgadas 4K UHD', 12, 'Unidad', 680000.00, 899000.00, 'LG', '43UP7500PSF', 'Activo', 'tv_lg_43.jpg', 1001),
(1003, 'TV003', 'Smart TV LED 55 pulgadas 4K HDR', 8, 'Unidad', 950000.00, 1299000.00, 'Sony', 'KD-55X80J', 'Activo', 'tv_sony_55.jpg', 1001),
(1004, 'TV004', 'Smart TV OLED 65 pulgadas 4K', 5, 'Unidad', 1800000.00, 2399000.00, 'LG', 'OLED65C1PSA', 'Activo', 'tv_lg_oled65.jpg', 1001),
(1005, 'TV005', 'Smart TV QLED 50 pulgadas 4K', 10, 'Unidad', 1200000.00, 1599000.00, 'Samsung', 'QN50Q60A', 'Activo', 'tv_samsung_qled50.jpg', 1001),
(1006, 'TV006', 'Smart TV LED 40 pulgadas Full HD', 18, 'Unidad', 520000.00, 699000.00, 'TCL', '40S615', 'Activo', 'tv_tcl_40.jpg', 1001),
(1007, 'TV007', 'Smart TV LED 75 pulgadas 4K UHD', 4, 'Unidad', 1600000.00, 2199000.00, 'Samsung', 'UN75AU7000', 'Activo', 'tv_samsung_75.jpg', 1001),
(1008, 'TV008', 'Smart TV LED 58 pulgadas 4K HDR', 7, 'Unidad', 1100000.00, 1449000.00, 'Hisense', '58A6G', 'Activo', 'tv_hisense_58.jpg', 1001),
(1009, 'TV009', 'Smart TV LED 24 pulgadas HD', 25, 'Unidad', 280000.00, 399000.00, 'Kalley', 'K-LED24HDST2', 'Activo', 'tv_kalley_24.jpg', 1001),
(1010, 'TV010', 'Smart TV QLED 85 pulgadas 8K', 2, 'Unidad', 4500000.00, 5999000.00, 'Samsung', 'QN85QN900A', 'Activo', 'tv_samsung_qled85.jpg', 1001),
(1011, 'REF001', 'Refrigerador No Frost 250 Litros', 12, 'Unidad', 850000.00, 1149000.00, 'Whirlpool', 'WRM25BKTWW', 'Activo', 'ref_whirlpool_250.jpg', 1002),
(1012, 'REF002', 'Refrigerador Side by Side 535 Litros', 8, 'Unidad', 1600000.00, 2199000.00, 'Samsung', 'RS54N3003SL', 'Activo', 'ref_samsung_535.jpg', 1002),
(1013, 'REF003', 'Refrigerador French Door 612 Litros', 6, 'Unidad', 2200000.00, 2899000.00, 'LG', 'GS65SPP1', 'Activo', 'ref_lg_612.jpg', 1002),
(1014, 'REF004', 'Refrigerador Top Mount 340 Litros', 15, 'Unidad', 680000.00, 899000.00, 'Electrolux', 'DFN41', 'Activo', 'ref_electrolux_340.jpg', 1002),
(1015, 'REF005', 'Refrigerador Inverter 420 Litros', 10, 'Unidad', 1200000.00, 1599000.00, 'Samsung', 'RT43K6231SL', 'Activo', 'ref_samsung_420.jpg', 1002),
(1016, 'REF006', 'Minibar 87 Litros', 20, 'Unidad', 320000.00, 449000.00, 'Haceb', 'HMB87G', 'Activo', 'minibar_haceb_87.jpg', 1002),
(1017, 'REF007', 'Refrigerador Bottom Mount 454 Litros', 7, 'Unidad', 1400000.00, 1849000.00, 'LG', 'LB45SGP', 'Activo', 'ref_lg_454.jpg', 1002),
(1018, 'REF008', 'Refrigerador No Frost 189 Litros', 18, 'Unidad', 650000.00, 849000.00, 'Kalley', 'K-RF189', 'Activo', 'ref_kalley_189.jpg', 1002),
(1019, 'REF009', 'Refrigerador Quattro Door 696 Litros', 4, 'Unidad', 3200000.00, 4199000.00, 'Samsung', 'RF28R7351SG', 'Activo', 'ref_samsung_696.jpg', 1002),
(1020, 'REF010', 'Refrigerador Compacto 93 Litros', 22, 'Unidad', 380000.00, 499000.00, 'Mabe', 'RMA0951XMXX', 'Activo', 'ref_mabe_93.jpg', 1002),
(1021, 'LAV001', 'Lavadora Automática 16 Kg Carga Superior', 10, 'Unidad', 780000.00, 1099000.00, 'LG', 'WT16BSB', 'Activo', 'lav_lg_16kg.jpg', 1003),
(1022, 'LAV002', 'Lavadora Carga Frontal 8.5 Kg Inverter', 12, 'Unidad', 920000.00, 1249000.00, 'Samsung', 'WW85J5410GS', 'Activo', 'lav_samsung_85kg.jpg', 1003),
(1023, 'LAV003', 'Lavasecadora 10.5/7 Kg Carga Frontal', 8, 'Unidad', 1600000.00, 2149000.00, 'LG', 'WD10VV4S6', 'Activo', 'lavasec_lg_10kg.jpg', 1003),
(1024, 'LAV004', 'Lavadora Digital 12 Kg Carga Superior', 15, 'Unidad', 650000.00, 899000.00, 'Haceb', 'AS1200', 'Activo', 'lav_haceb_12kg.jpg', 1003),
(1025, 'LAV005', 'Secadora a Gas 16 Kg', 6, 'Unidad', 1200000.00, 1599000.00, 'Whirlpool', '7MWGD1930HW', 'Activo', 'sec_whirlpool_16kg.jpg', 1003),
(1026, 'LAV006', 'Lavadora Semiautomática 11 Kg', 20, 'Unidad', 420000.00, 599000.00, 'Electrolux', 'EWTS11', 'Activo', 'lav_electrolux_11kg.jpg', 1003),
(1027, 'LAV007', 'Lavadora AddWash 9 Kg Carga Frontal', 9, 'Unidad', 1400000.00, 1849000.00, 'Samsung', 'WW90K44205W', 'Activo', 'lav_samsung_addwash.jpg', 1003),
(1028, 'LAV008', 'Secadora Eléctrica 8 Kg', 7, 'Unidad', 980000.00, 1299000.00, 'LG', 'DLEC888W', 'Activo', 'sec_lg_8kg.jpg', 1003),
(1029, 'LAV009', 'Lavadora Turbo Drum 19 Kg', 5, 'Unidad', 1100000.00, 1499000.00, 'LG', 'WP-19R57QDG', 'Activo', 'lav_lg_19kg.jpg', 1003),
(1030, 'LAV010', 'Centro de Lavado 17 Kg', 4, 'Unidad', 1800000.00, 2399000.00, 'Easy', 'EWCL17', 'Activo', 'centro_lavado_17kg.jpg', 1003),
(1031, 'EST001', 'Estufa de Piso 4 Puestos Gas Natural', 12, 'Unidad', 520000.00, 699000.00, 'Haceb', 'Sintra', 'Activo', 'est_haceb_4p.jpg', 1004),
(1032, 'EST002', 'Estufa Empotrable 5 Puestos Gas Natural', 8, 'Unidad', 850000.00, 1149000.00, 'Whirlpool', 'WF976XE', 'Activo', 'est_whirlpool_5p.jpg', 1004),
(1033, 'EST003', 'Horno Eléctrico Empotrable 73 Litros', 10, 'Unidad', 1200000.00, 1599000.00, 'Electrolux', 'OE8TX', 'Activo', 'horno_electrolux_73l.jpg', 1004),
(1034, 'EST004', 'Estufa de Mesa 2 Puestos Portátil', 25, 'Unidad', 180000.00, 249000.00, 'Imusa', 'IMP-2800', 'Activo', 'est_imusa_2p.jpg', 1004),
(1035, 'EST005', 'Estufa de Inducción 4 Puestos', 6, 'Unidad', 1800000.00, 2399000.00, 'Teka', 'IZ6315', 'Activo', 'est_teka_induccion.jpg', 1004),
(1036, 'EST006', 'Horno Microondas con Grill 32 Litros', 15, 'Unidad', 480000.00, 649000.00, 'Samsung', 'MC32J7055CT', 'Activo', 'horno_samsung_32l.jpg', 1004),
(1037, 'EST007', 'Estufa Industrial 6 Puestos', 4, 'Unidad', 2200000.00, 2899000.00, 'Surge', 'SI-600', 'Activo', 'est_surge_6p.jpg', 1004),
(1038, 'EST008', 'Plancha de Asar Eléctrica', 18, 'Unidad', 320000.00, 449000.00, 'Black+Decker', 'G48TD', 'Activo', 'plancha_bd_elect.jpg', 1004),
(1039, 'EST009', 'Estufa Vitrocerámica 4 Puestos', 7, 'Unidad', 1400000.00, 1849000.00, 'Teka', 'TR951', 'Activo', 'est_teka_vitro.jpg', 1004),
(1040, 'EST010', 'Horno Tostador 42 Litros', 20, 'Unidad', 380000.00, 519000.00, 'Oster', 'TSSTTVDGXL-SHP', 'Activo', 'horno_oster_42l.jpg', 1004),
(1041, 'MIC001', 'Microondas Digital 20 Litros', 15, 'Unidad', 280000.00, 379000.00, 'LG', 'MS2042D', 'Activo', 'mic_lg_20l.jpg', 1005),
(1042, 'MIC002', 'Microondas con Grill 28 Litros', 12, 'Unidad', 420000.00, 569000.00, 'Samsung', 'MG28J5255UW', 'Activo', 'mic_samsung_28l.jpg', 1005),
(1043, 'MIC003', 'Microondas Convección 32 Litros', 8, 'Unidad', 650000.00, 879000.00, 'Panasonic', 'NN-CD87KS', 'Activo', 'mic_panasonic_32l.jpg', 1005),
(1044, 'MIC004', 'Microondas Compacto 0.7 Pies Cúbicos', 20, 'Unidad', 220000.00, 299000.00, 'Daewoo', 'KOR-7LREW', 'Activo', 'mic_daewoo_07.jpg', 1005),
(1045, 'MIC005', 'Microondas Inverter 25 Litros', 10, 'Unidad', 520000.00, 699000.00, 'Panasonic', 'NN-SN97JS', 'Activo', 'mic_panasonic_inv25.jpg', 1005),
(1046, 'MIC006', 'Microondas Retro 23 Litros', 18, 'Unidad', 380000.00, 519000.00, 'Galanz', 'GLCMKA07RD-07', 'Activo', 'mic_galanz_retro.jpg', 1005),
(1047, 'MIC007', 'Microondas Espejo 30 Litros', 7, 'Unidad', 580000.00, 779000.00, 'LG', 'MS3059L', 'Activo', 'mic_lg_espejo30.jpg', 1005),
(1048, 'MIC008', 'Microondas Solo 17 Litros', 25, 'Unidad', 180000.00, 249000.00, 'Haceb', 'HM-17BL', 'Activo', 'mic_haceb_17l.jpg', 1005),
(1049, 'MIC009', 'Microondas Smart Sensor 42 Litros', 5, 'Unidad', 850000.00, 1149000.00, 'Whirlpool', 'WMC50522AS', 'Activo', 'mic_whirlpool_42l.jpg', 1005),
(1050, 'MIC010', 'Microondas Empotrable 25 Litros', 6, 'Unidad', 980000.00, 1299000.00, 'Electrolux', 'EMDN25G3MLS', 'Activo', 'mic_electrolux_emp.jpg', 1005),
(1051, 'PEQ001', 'Freidora de Aire 3.5 Litros Digital', 20, 'Unidad', 280000.00, 379000.00, 'Ninja', 'AF101', 'Activo', 'freid_ninja_35l.jpg', 1006),
(1052, 'PEQ002', 'Olla Arrocera 10 Tazas', 25, 'Unidad', 120000.00, 169000.00, 'Oster', 'CKSTRC6030-013', 'Activo', 'arrocera_oster_10t.jpg', 1006),
(1053, 'PEQ003', 'Procesador de Alimentos 12 Tazas', 12, 'Unidad', 420000.00, 569000.00, 'Cuisinart', 'DFP-14BCNY', 'Activo', 'proc_cuisinart_12t.jpg', 1006),
(1054, 'PEQ004', 'Sandwichera Antiadherente', 30, 'Unidad', 65000.00, 89000.00, 'Black+Decker', 'TS2090', 'Activo', 'sandw_bd.jpg', 1006),
(1055, 'PEQ005', 'Extractor de Jugos Centrífugo', 15, 'Unidad', 320000.00, 449000.00, 'Hamilton Beach', '67601A', 'Activo', 'extrac_hb_cent.jpg', 1006),
(1056, 'PEQ006', 'Waflera Belga Giratoria', 18, 'Unidad', 180000.00, 249000.00, 'Cuisinart', 'WAF-V100', 'Activo', 'waflera_cuisinart.jpg', 1006),
(1057, 'PEQ007', 'Olla de Cocción Lenta 6 Cuartos', 10, 'Unidad', 220000.00, 299000.00, 'Crock-Pot', 'SCR600-B', 'Activo', 'olla_crockpot_6c.jpg', 1006),
(1058, 'PEQ008', 'Deshidratador de Alimentos 9 Bandejas', 8, 'Unidad', 380000.00, 519000.00, 'Excalibur', '3926TB', 'Activo', 'deshid_excal_9b.jpg', 1006),
(1059, 'PEQ009', 'Máquina de Palomitas Vintage', 22, 'Unidad', 150000.00, 209000.00, 'Nostalgia', 'RHP310', 'Activo', 'palomitas_nostalgia.jpg', 1006),
(1060, 'PEQ010', 'Yogurtera Automática 7 Frascos', 14, 'Unidad', 180000.00, 249000.00, 'Euro Cuisine', 'YM80', 'Activo', 'yogurt_eurocuis.jpg', 1006),
(1061, 'LIC001', 'Licuadora de Alto Rendimiento 1400W', 12, 'Unidad', 480000.00, 649000.00, 'Vitamix', 'A3500', 'Activo', 'lic_vitamix_1400w.jpg', 1007),
(1062, 'LIC002', 'Licuadora Personal con Vaso Portátil', 25, 'Unidad', 120000.00, 169000.00, 'NutriBullet', 'NBR-1201', 'Activo', 'lic_nutrib_port.jpg', 1007),
(1063, 'LIC003', 'Batidora de Pedestal 4.8 Litros', 10, 'Unidad', 850000.00, 1149000.00, 'KitchenAid', 'KSM75SL', 'Activo', 'bat_kitchenaid_48l.jpg', 1007),
(1064, 'LIC004', 'Licuadora 3 Velocidades 1.5 Litros', 20, 'Unidad', 180000.00, 249000.00, 'Oster', 'BLSTMG-B00-013', 'Activo', 'lic_oster_15l.jpg', 1007),
(1065, 'LIC005', 'Batidora de Mano Inalámbrica', 18, 'Unidad', 220000.00, 299000.00, 'Cuisinart', 'CSB-300', 'Activo', 'bat_cuisinart_inal.jpg', 1007),
(1066, 'LIC006', 'Licuadora Comercial 2200W', 6, 'Unidad', 1200000.00, 1599000.00, 'Blendtec', 'Chef 775', 'Activo', 'lic_blendtec_2200w.jpg', 1007),
(1067, 'LIC007', 'Batidora de Varillas 5 Velocidades', 22, 'Unidad', 150000.00, 209000.00, 'Hamilton Beach', '62682RZ', 'Activo', 'bat_hb_5vel.jpg', 1007),
(1068, 'LIC008', 'Licuadora Smoothie Maker Dual', 15, 'Unidad', 320000.00, 449000.00, 'Ninja', 'BL642', 'Activo', 'lic_ninja_smooth.jpg', 1007),
(1069, 'LIC009', 'Batidora Planetaria 5 Litros', 8, 'Unidad', 680000.00, 899000.00, 'Bosch', 'MUM58020', 'Activo', 'bat_bosch_planet.jpg', 1007),
(1070, 'LIC010', 'Licuadora Prensa en Frío', 7, 'Unidad', 580000.00, 779000.00, 'Omega', 'J8006HDS', 'Activo', 'lic_omega_frio.jpg', 1007),
(1071, 'CAF001', 'Cafetera Espresso Automática', 10, 'Unidad', 1200000.00, 1599000.00, 'Breville', 'BES870XL', 'Activo', 'caf_breville_esp.jpg', 1008),
(1072, 'CAF002', 'Cafetera de Goteo Programable 12 Tazas', 15, 'Unidad', 280000.00, 379000.00, 'Mr. Coffee', 'BVMC-PSTX91', 'Activo', 'caf_mrcoffee_12t.jpg', 1008),
(1073, 'CAF003', 'Cafetera de Cápsulas Nespresso', 20, 'Unidad', 420000.00, 569000.00, 'Nespresso', 'Essenza Mini', 'Activo', 'caf_nespresso_mini.jpg', 1008),
(1074, 'CAF004', 'Tetera Eléctrica 1.7 Litros', 25, 'Unidad', 120000.00, 169000.00, 'Cuisinart', 'CPK-17', 'Activo', 'tetera_cuisinart_17l.jpg', 1008),
(1075, 'CAF005', 'Cafetera Francesa de Vidrio', 30, 'Unidad', 85000.00, 119000.00, 'Bodum', 'CHAMBORD', 'Activo', 'caf_bodum_franc.jpg', 1008),
(1076, 'CAF006', 'Cafetera de Filtro con Molinillo', 8, 'Unidad', 650000.00, 879000.00, 'Cuisinart', 'DGB-900BC', 'Activo', 'caf_cuisinart_molin.jpg', 1008),
(1077, 'CAF007', 'Máquina de Cappuccino Manual', 12, 'Unidad', 380000.00, 519000.00, 'De\'Longhi', 'EC155', 'Activo', 'maq_delonghi_capp.jpg', 1008),
(1078, 'CAF008', 'Tetera de Hierro Fundido 1.2 Litros', 18, 'Unidad', 220000.00, 299000.00, 'Tealyra', 'CAST Iron', 'Activo', 'tetera_tealyra_hierro.jpg', 1008),
(1079, 'CAF009', 'Cafetera Cold Brew 1.5 Litros', 14, 'Unidad', 180000.00, 249000.00, 'OXO', 'Good Grips', 'Activo', 'caf_oxo_cold.jpg', 1008),
(1080, 'CAF010', 'Cafetera Moka Italiana 6 Tazas', 22, 'Unidad', 95000.00, 139000.00, 'Bialetti', 'Moka Express', 'Activo', 'caf_bialetti_moka.jpg', 1008),
(1081, 'ASP001', 'Aspiradora Vertical Sin Cable', 12, 'Unidad', 680000.00, 899000.00, 'Dyson', 'V11 Torque Drive', 'Activo', 'asp_dyson_v11.jpg', 1009),
(1082, 'ASP002', 'Aspiradora Robot Programable', 8, 'Unidad', 1200000.00, 1599000.00, 'iRobot', 'Roomba i7+', 'Activo', 'asp_irobot_i7.jpg', 1009),
(1083, 'ASP003', 'Aspiradora de Tambor 20 Litros', 15, 'Unidad', 420000.00, 569000.00, 'Shop-Vac', 'SV-20G', 'Activo', 'asp_shopvac_20l.jpg', 1009),
(1084, 'ASP004', 'Aspiradora de Mano Inalámbrica', 25, 'Unidad', 180000.00, 249000.00, 'Black+Decker', 'CHV1410L', 'Activo', 'asp_bd_mano.jpg', 1009),
(1085, 'ASP005', 'Aspiradora con Bolsa HEPA', 18, 'Unidad', 320000.00, 449000.00, 'Miele', 'Complete C3', 'Activo', 'asp_miele_hepa.jpg', 1009),
(1086, 'ASP006', 'Aspiradora 2 en 1 Escoba y Manual', 20, 'Unidad', 220000.00, 299000.00, 'Bissell', 'Featherweight', 'Activo', 'asp_bissell_2en1.jpg', 1009),
(1087, 'ASP007', 'Aspiradora Húmedo/Seco 40 Litros', 6, 'Unidad', 850000.00, 1149000.00, 'Kärcher', 'WD 5', 'Activo', 'asp_karcher_40l.jpg', 1009),
(1088, 'ASP008', 'Aspiradora Compacta Sin Bolsa', 22, 'Unidad', 280000.00, 379000.00, 'Eureka', 'PowerSpeed NEU182A', 'Activo', 'asp_eureka_comp.jpg', 1009),
(1089, 'ASP009', 'Aspiradora Central Para Casa', 3, 'Unidad', 2200000.00, 2899000.00, 'Beam', 'Alliance 700', 'Activo', 'asp_beam_central.jpg', 1009),
(1090, 'ASP010', 'Aspiradora Industrial 60 Litros', 5, 'Unidad', 1400000.00, 1849000.00, 'Numatic', 'Henry HVR200A', 'Activo', 'asp_numatic_60l.jpg', 1009),
(1091, 'CLI001', 'Aire Acondicionado Split 12000 BTU', 10, 'Unidad', 850000.00, 1149000.00, 'LG', 'S4-W12JA3AA', 'Activo', 'aire_lg_12000.jpg', 1010),
(1092, 'CLI002', 'Aire Acondicionado Ventana 18000 BTU', 8, 'Unidad', 1200000.00, 1599000.00, 'Samsung', 'AW18ICB', 'Activo', 'aire_samsung_18000.jpg', 1010),
(1093, 'CLI003', 'Calefactor Eléctrico Torre', 20, 'Unidad', 180000.00, 249000.00, 'Honeywell', 'HCE323V', 'Activo', 'calef_honeywell_torre.jpg', 1010),
(1094, 'CLI004', 'Ventilador de Techo con Luz LED', 15, 'Unidad', 220000.00, 299000.00, 'Hunter', 'Builder Plus', 'Activo', 'vent_hunter_techo.jpg', 1010),
(1095, 'CLI005', 'Aire Acondicionado Portátil 10000 BTU', 12, 'Unidad', 680000.00, 899000.00, 'Frigidaire', 'FFPA1022R1', 'Activo', 'aire_frigidaire_port.jpg', 1010),
(1096, 'CLI006', 'Calefactor a Gas Natural', 6, 'Unidad', 1400000.00, 1849000.00, 'Rinnai', 'EX22CTN', 'Activo', 'calef_rinnai_gas.jpg', 1010),
(1097, 'CLI007', 'Ventilador de Pedestal Oscilante', 25, 'Unidad', 120000.00, 169000.00, 'Lasko', '1827', 'Activo', 'vent_lasko_pedestal.jpg', 1010),
(1098, 'CLI008', 'Aire Acondicionado Central 36000 BTU', 4, 'Unidad', 2800000.00, 3699000.00, 'Carrier', '24ABC636A003', 'Activo', 'aire_carrier_central.jpg', 1010),
(1099, 'CLI009', 'Humidificador Ultrasónico 6 Litros', 18, 'Unidad', 280000.00, 379000.00, 'Levoit', 'LV600HH', 'Activo', 'humid_levoit_6l.jpg', 1010),
(1100, 'CLI010', 'Purificador de Aire con HEPA', 14, 'Unidad', 520000.00, 699000.00, 'Dyson', 'Pure Cool TP04', 'Activo', 'purif_dyson_hepa.jpg', 1010),
(1101, 'COM001', 'Portátil Gaming 15.6\" RTX 4060', 8, 'Unidad', 3200000.00, 4199000.00, 'ASUS', 'ROG Strix G15', 'Activo', 'port_asus_gaming.jpg', 1011),
(1102, 'COM002', 'MacBook Air 13\" M2 256GB', 6, 'Unidad', 4500000.00, 5899000.00, 'Apple', 'MacBook Air M2', 'Activo', 'macbook_air_m2.jpg', 1011),
(1103, 'COM003', 'PC de Escritorio Core i5 16GB RAM', 12, 'Unidad', 1800000.00, 2399000.00, 'HP', 'Pavilion TP01', 'Activo', 'pc_hp_pavilion.jpg', 1011),
(1104, 'COM004', 'Portátil Ultrabook 14\" Core i7', 10, 'Unidad', 2800000.00, 3699000.00, 'Dell', 'XPS 14', 'Activo', 'port_dell_xps14.jpg', 1011),
(1105, 'COM005', 'Chromebook 11.6\" 4GB RAM', 20, 'Unidad', 680000.00, 899000.00, 'Acer', 'Chromebook Spin 311', 'Activo', 'chrome_acer_311.jpg', 1011),
(1106, 'COM006', 'PC Gaming Ryzen 7 RTX 4070', 5, 'Unidad', 4800000.00, 6299000.00, 'MSI', 'Codex R2', 'Activo', 'pc_msi_gaming.jpg', 1011),
(1107, 'COM007', 'Portátil Convertible 2 en 1 Touch', 15, 'Unidad', 2200000.00, 2899000.00, 'Lenovo', 'Yoga 7i', 'Activo', 'port_lenovo_yoga.jpg', 1011),
(1108, 'COM008', 'Mini PC Intel NUC 8GB RAM', 18, 'Unidad', 1200000.00, 1599000.00, 'Intel', 'NUC12WSHi7', 'Activo', 'mini_intel_nuc.jpg', 1011),
(1109, 'COM009', 'Workstation 32GB RAM Quadro', 3, 'Unidad', 6500000.00, 8499000.00, 'Dell', 'Precision 7670', 'Activo', 'work_dell_precision.jpg', 1011),
(1110, 'COM010', 'Portátil Económico 15.6\" Celeron', 25, 'Unidad', 850000.00, 1149000.00, 'HP', '15-dy2795wm', 'Activo', 'port_hp_economico.jpg', 1011),
(1111, 'TAB001', 'iPad Air 10.9\" 64GB WiFi', 12, 'Unidad', 2200000.00, 2899000.00, 'Apple', 'iPad Air 5th Gen', 'Activo', 'ipad_air_109.jpg', 1012),
(1112, 'TAB002', 'Galaxy Tab S8 11\" 128GB', 10, 'Unidad', 2800000.00, 3699000.00, 'Samsung', 'Galaxy Tab S8', 'Activo', 'galaxy_tab_s8.jpg', 1012),
(1113, 'TAB003', 'Fire HD 10 Tablet 32GB', 20, 'Unidad', 420000.00, 569000.00, 'Amazon', 'Fire HD 10', 'Activo', 'fire_hd10.jpg', 1012),
(1114, 'TAB004', 'Surface Pro 9 13\" Core i5', 8, 'Unidad', 4200000.00, 5499000.00, 'Microsoft', 'Surface Pro 9', 'Activo', 'surface_pro9.jpg', 1012),
(1115, 'TAB005', 'Lenovo Tab P11 Plus 11\" 128GB', 15, 'Unidad', 1200000.00, 1599000.00, 'Lenovo', 'Tab P11 Plus', 'Activo', 'lenovo_tab_p11.jpg', 1012),
(1116, 'TAB006', 'Apple Pencil 2da Generación', 25, 'Unidad', 380000.00, 519000.00, 'Apple', 'Apple Pencil 2', 'Activo', 'apple_pencil2.jpg', 1012),
(1117, 'TAB007', 'Teclado Bluetooth para Tablet', 30, 'Unidad', 180000.00, 249000.00, 'Logitech', 'K380', 'Activo', 'teclado_logitech_k380.jpg', 1012),
(1118, 'TAB008', 'Soporte Ajustable para Tablet', 40, 'Unidad', 65000.00, 89000.00, 'Lamicall', 'Adjustable Stand', 'Activo', 'soporte_lamicall.jpg', 1012),
(1119, 'TAB009', 'Funda con Teclado iPad Pro 11\"', 18, 'Unidad', 280000.00, 379000.00, 'Logitech', 'Combo Touch', 'Activo', 'funda_logitech_combo.jpg', 1012),
(1120, 'TAB010', 'Cargador Inalámbrico Tablet 15W', 22, 'Unidad', 120000.00, 169000.00, 'Anker', 'PowerWave 15', 'Activo', 'cargador_anker_15w.jpg', 1012),
(1121, 'CEL001', 'iPhone 15 Pro Max 256GB', 15, 'Unidad', 4800000.00, 6299000.00, 'Apple', 'iPhone 15 Pro Max', 'Activo', 'iphone_15_promax.jpg', 1013),
(1122, 'CEL002', 'Galaxy S24 Ultra 256GB', 12, 'Unidad', 4200000.00, 5499000.00, 'Samsung', 'Galaxy S24 Ultra', 'Activo', 'galaxy_s24_ultra.jpg', 1013),
(1123, 'CEL003', 'Pixel 8 Pro 128GB', 8, 'Unidad', 3200000.00, 4199000.00, 'Google', 'Pixel 8 Pro', 'Activo', 'pixel_8_pro.jpg', 1013),
(1124, 'CEL004', 'Xiaomi 13T Pro 256GB', 20, 'Unidad', 2200000.00, 2899000.00, 'Xiaomi', 'Xiaomi 13T Pro', 'Activo', 'xiaomi_13t_pro.jpg', 1013),
(1125, 'CEL005', 'OnePlus 11 5G 128GB', 10, 'Unidad', 2800000.00, 3699000.00, 'OnePlus', 'OnePlus 11', 'Activo', 'oneplus_11.jpg', 1013),
(1126, 'CEL006', 'iPhone SE 3ra Gen 64GB', 25, 'Unidad', 1600000.00, 2199000.00, 'Apple', 'iPhone SE 3rd Gen', 'Activo', 'iphone_se3.jpg', 1013),
(1127, 'CEL007', 'Galaxy A54 5G 128GB', 30, 'Unidad', 1200000.00, 1599000.00, 'Samsung', 'Galaxy A54 5G', 'Activo', 'galaxy_a54.jpg', 1013),
(1128, 'CEL008', 'Redmi Note 13 Pro 256GB', 35, 'Unidad', 850000.00, 1149000.00, 'Xiaomi', 'Redmi Note 13 Pro', 'Activo', 'redmi_note13.jpg', 1013),
(1129, 'CEL009', 'Moto G Power 2024 128GB', 28, 'Unidad', 680000.00, 899000.00, 'Motorola', 'Moto G Power', 'Activo', 'moto_g_power.jpg', 1013),
(1130, 'CEL010', 'Nothing Phone (2) 256GB', 6, 'Unidad', 2400000.00, 3199000.00, 'Nothing', 'Phone (2)', 'Activo', 'nothing_phone2.jpg', 1013),
(1131, 'AUD001', 'Audífonos Noise Cancelling Over-Ear', 20, 'Unidad', 850000.00, 1149000.00, 'Sony', 'WH-1000XM5', 'Activo', 'aud_sony_xm5.jpg', 1014),
(1132, 'AUD002', 'AirPods Pro 2da Generación', 25, 'Unidad', 680000.00, 899000.00, 'Apple', 'AirPods Pro 2nd Gen', 'Activo', 'airpods_pro2.jpg', 1014),
(1133, 'AUD003', 'Audífonos Gaming RGB 7.1 Surround', 18, 'Unidad', 320000.00, 449000.00, 'Razer', 'Kraken V3 Pro', 'Activo', 'aud_razer_kraken.jpg', 1014),
(1134, 'AUD004', 'Auriculares Bluetooth Deportivos', 30, 'Unidad', 180000.00, 249000.00, 'JBL', 'Endurance Peak 3', 'Activo', 'aud_jbl_endurance.jpg', 1014),
(1135, 'AUD005', 'Audífonos Estudio Monitor', 12, 'Unidad', 1200000.00, 1599000.00, 'Audio-Technica', 'ATH-M50xBT2', 'Activo', 'aud_audiotechnica.jpg', 1014),
(1136, 'AUD006', 'Amplificador de Audio 2 Canales', 8, 'Unidad', 2200000.00, 2899000.00, 'Marantz', 'PM6007', 'Activo', 'amp_marantz.jpg', 1014),
(1137, 'AUD007', 'Micrófono Condensador USB', 15, 'Unidad', 420000.00, 569000.00, 'Blue Yeti', 'Blue Yeti Nano', 'Activo', 'mic_blue_yeti.jpg', 1014),
(1138, 'AUD008', 'Interface de Audio 2x2', 10, 'Unidad', 520000.00, 699000.00, 'Focusrite', 'Scarlett 2i2', 'Activo', 'interface_focusrite.jpg', 1014),
(1139, 'AUD009', 'Tornamesas DJ Profesional', 5, 'Unidad', 1800000.00, 2399000.00, 'Pioneer', 'PLX-1000', 'Activo', 'tornamesa_pioneer.jpg', 1014),
(1140, 'AUD010', 'Mezcladora DJ 4 Canales', 6, 'Unidad', 1400000.00, 1849000.00, 'Behringer', 'DJX750', 'Activo', 'mezcladora_behringer.jpg', 1014),
(1141, 'PAR001', 'Parlante Bluetooth Portátil 20W', 25, 'Unidad', 180000.00, 249000.00, 'JBL', 'Flip 6', 'Activo', 'par_jbl_flip6.jpg', 1015),
(1142, 'PAR002', 'Sistema de Sonido 2.1 Subwoofer', 15, 'Unidad', 420000.00, 569000.00, 'Logitech', 'Z623', 'Activo', 'sistema_logitech_z623.jpg', 1015),
(1143, 'PAR003', 'Soundbar con Subwoofer Inalámbrico', 12, 'Unidad', 850000.00, 1149000.00, 'Samsung', 'HW-Q60T', 'Activo', 'soundbar_samsung.jpg', 1015),
(1144, 'PAR004', 'HomePod Mini Smart Speaker', 20, 'Unidad', 320000.00, 449000.00, 'Apple', 'HomePod Mini', 'Activo', 'homepod_mini.jpg', 1015),
(1145, 'PAR005', 'Parlantes Estudio Monitores 5\"', 8, 'Unidad', 1200000.00, 1599000.00, 'KRK', 'Rokit 5 G4', 'Activo', 'monitores_krk.jpg', 1015),
(1146, 'PAR006', 'Bocina Fiesta con Luces LED', 10, 'Unidad', 680000.00, 899000.00, 'Sony', 'MHC-V13', 'Activo', 'bocina_sony_fiesta.jpg', 1015),
(1147, 'PAR007', 'Echo Dot 5ta Generación', 30, 'Unidad', 120000.00, 169000.00, 'Amazon', 'Echo Dot 5th Gen', 'Activo', 'echo_dot5.jpg', 1015),
(1148, 'PAR008', 'Torre de Sonido Karaoke 1000W', 6, 'Unidad', 1800000.00, 2399000.00, 'LG', 'XBOOM RN7', 'Activo', 'torre_lg_xboom.jpg', 1015),
(1149, 'PAR009', 'Parlantes Gaming RGB 2.0', 22, 'Unidad', 220000.00, 299000.00, 'Razer', 'Nommo V2', 'Activo', 'par_razer_nommo.jpg', 1015),
(1150, 'PAR010', 'Subwoofer Activo 12\" 300W', 7, 'Unidad', 1400000.00, 1849000.00, 'Yamaha', 'HS8S', 'Activo', 'subwoofer_yamaha.jpg', 1015),
(1151, 'CON001', 'PlayStation 5 Consola Digital', 8, 'Unidad', 1800000.00, 2399000.00, 'Sony', 'PlayStation 5 Digital', 'Activo', 'ps5_digital.jpg', 1016),
(1152, 'CON002', 'Xbox Series X Consola', 10, 'Unidad', 2200000.00, 2899000.00, 'Microsoft', 'Xbox Series X', 'Activo', 'xbox_series_x.jpg', 1016),
(1153, 'CON003', 'Nintendo Switch OLED 64GB', 15, 'Unidad', 1200000.00, 1599000.00, 'Nintendo', 'Switch OLED', 'Activo', 'switch_oled.jpg', 1016),
(1154, 'CON004', 'Steam Deck 256GB', 6, 'Unidad', 1600000.00, 2199000.00, 'Valve', 'Steam Deck', 'Activo', 'steam_deck.jpg', 1016),
(1155, 'CON005', 'Control DualSense PS5', 20, 'Unidad', 220000.00, 299000.00, 'Sony', 'DualSense', 'Activo', 'control_dualsense.jpg', 1016),
(1156, 'CON006', 'Control Xbox Wireless', 25, 'Unidad', 180000.00, 249000.00, 'Microsoft', 'Xbox Wireless Controller', 'Activo', 'control_xbox.jpg', 1016),
(1157, 'CON007', 'Joy-Con Set Nintendo Switch', 18, 'Unidad', 280000.00, 379000.00, 'Nintendo', 'Joy-Con L/R', 'Activo', 'joycon_nintendo.jpg', 1016),
(1158, 'CON008', 'Headset Gaming PlayStation 5', 15, 'Unidad', 380000.00, 519000.00, 'Sony', 'Pulse 3D', 'Activo', 'headset_pulse3d.jpg', 1016),
(1159, 'CON009', 'Cámara HD PlayStation 5', 12, 'Unidad', 220000.00, 299000.00, 'Sony', 'HD Camera', 'Activo', 'camara_ps5.jpg', 1016),
(1160, 'CON010', 'Base de Carga Dual Xbox', 22, 'Unidad', 120000.00, 169000.00, 'PowerA', 'Dual Charging Station', 'Activo', 'base_carga_xbox.jpg', 1016),
(1161, 'CAM001', 'Cámara DSLR 24.2MP con Lente 18-55mm', 10, 'Unidad', 1800000.00, 2399000.00, 'Canon', 'EOS Rebel T8i', 'Activo', 'cam_canon_t8i.jpg', 1017),
(1162, 'CAM002', 'Cámara Mirrorless 26MP 4K', 8, 'Unidad', 2800000.00, 3699000.00, 'Sony', 'Alpha a7 IV', 'Activo', 'cam_sony_a7iv.jpg', 1017),
(1163, 'CAM003', 'Cámara Instantánea Mini 11', 25, 'Unidad', 280000.00, 379000.00, 'Fujifilm', 'Instax Mini 11', 'Activo', 'cam_instax_mini11.jpg', 1017),
(1164, 'CAM004', 'Cámara de Acción 4K Waterproof', 20, 'Unidad', 680000.00, 899000.00, 'GoPro', 'HERO11 Black', 'Activo', 'cam_gopro_hero11.jpg', 1017),
(1165, 'CAM005', 'Lente Telephoto 70-200mm f/2.8', 6, 'Unidad', 4200000.00, 5499000.00, 'Canon', 'RF 70-200mm f/2.8L', 'Activo', 'lente_canon_70200.jpg', 1017),
(1166, 'CAM006', 'Trípode Profesional Fibra Carbono', 15, 'Unidad', 520000.00, 699000.00, 'Manfrotto', 'Element Carbon', 'Activo', 'tripode_manfrotto.jpg', 1017),
(1167, 'CAM007', 'Flash Externo TTL', 12, 'Unidad', 420000.00, 569000.00, 'Godox', 'TT685C', 'Activo', 'flash_godox_ttl.jpg', 1017),
(1168, 'CAM008', 'Batería Extra Cámara Canon', 30, 'Unidad', 120000.00, 169000.00, 'Canon', 'LP-E17', 'Activo', 'bateria_canon_lpe17.jpg', 1017),
(1169, 'CAM009', 'Memoria SD 128GB UHS-II', 40, 'Unidad', 180000.00, 249000.00, 'SanDisk', 'Extreme Pro', 'Activo', 'sd_sandisk_128gb.jpg', 1017),
(1170, 'CAM010', 'Cámara Web 4K para Streaming', 18, 'Unidad', 380000.00, 519000.00, 'Logitech', 'BRIO 4K Pro', 'Activo', 'webcam_logitech_brio.jpg', 1017),
(1171, 'IMP001', 'Impresora Multifuncional Tinta Continua', 15, 'Unidad', 680000.00, 899000.00, 'Epson', 'EcoTank L3250', 'Activo', 'imp_epson_l3250.jpg', 1018),
(1172, 'IMP002', 'Impresora Láser Monocromática', 12, 'Unidad', 520000.00, 699000.00, 'HP', 'LaserJet Pro M15w', 'Activo', 'imp_hp_m15w.jpg', 1018),
(1173, 'IMP003', 'Impresora Fotográfica Profesional A3+', 6, 'Unidad', 2200000.00, 2899000.00, 'Canon', 'PIXMA PRO-200', 'Activo', 'imp_canon_pro200.jpg', 1018),
(1174, 'IMP004', 'Multifuncional Láser Color WiFi', 10, 'Unidad', 1400000.00, 1849000.00, 'Brother', 'MFC-L3770CDW', 'Activo', 'multi_brother_l3770.jpg', 1018),
(1175, 'IMP005', 'Impresora Portátil Bluetooth', 20, 'Unidad', 420000.00, 569000.00, 'HP', 'OfficeJet 250', 'Activo', 'imp_hp_250.jpg', 1018),
(1176, 'IMP006', 'Plotter de Corte 24 pulgadas', 4, 'Unidad', 3200000.00, 4199000.00, 'Cricut', 'Maker 3', 'Activo', 'plotter_cricut_maker3.jpg', 1018),
(1177, 'IMP007', 'Impresora 3D FDM Entrada', 8, 'Unidad', 850000.00, 1149000.00, 'Creality', 'Ender 3 V2', 'Activo', 'imp3d_creality_ender3.jpg', 1018),
(1178, 'IMP008', 'Escáner de Documentos Duplex', 18, 'Unidad', 380000.00, 519000.00, 'Fujitsu', 'ScanSnap iX1600', 'Activo', 'scanner_fujitsu_ix1600.jpg', 1018),
(1179, 'IMP009', 'Impresora Matricial 24 Pines', 25, 'Unidad', 320000.00, 449000.00, 'Epson', 'LQ-2090II', 'Activo', 'imp_epson_lq2090.jpg', 1018),
(1180, 'IMP010', 'Laminadora Térmica A4', 22, 'Unidad', 180000.00, 249000.00, 'Fellowes', 'Laminator L125', 'Activo', 'laminadora_fellowes.jpg', 1018),
(1181, 'LED001', 'Bombillo LED Smart RGB E27 9W', 50, 'Unidad', 65000.00, 89000.00, 'Philips', 'Hue Color', 'Activo', 'led_philips_hue.jpg', 1019),
(1182, 'LED002', 'Tira LED RGB 5 metros WiFi', 30, 'Unidad', 180000.00, 249000.00, 'Govee', 'LED Strip 5m', 'Activo', 'tira_govee_5m.jpg', 1019),
(1183, 'LED003', 'Panel LED Cuadrado 60x60cm 40W', 20, 'Unidad', 280000.00, 379000.00, 'Osram', 'PLANON PLUS', 'Activo', 'panel_osram_60x60.jpg', 1019),
(1184, 'LED004', 'Lámpara de Mesa LED Regulable', 25, 'Unidad', 220000.00, 299000.00, 'TaoTronics', 'TT-DL13', 'Activo', 'lampara_taotronics.jpg', 1019),
(1185, 'LED005', 'Reflector LED Exterior 100W IP65', 15, 'Unidad', 380000.00, 519000.00, 'Ledvance', 'FLOODLIGHT', 'Activo', 'reflector_ledvance_100w.jpg', 1019),
(1186, 'LED006', 'Bombillo LED Filamento Vintage E27', 40, 'Unidad', 85000.00, 119000.00, 'Edison', 'Vintage LED', 'Activo', 'led_edison_vintage.jpg', 1019),
(1187, 'LED007', 'Lámpara Colgante LED Moderna', 18, 'Unidad', 420000.00, 569000.00, 'Ikea', 'FOTO Pendant', 'Activo', 'colgante_ikea_foto.jpg', 1019),
(1188, 'LED008', 'Kit Iluminación Inteligente 3 Bombillos', 12, 'Unidad', 520000.00, 699000.00, 'TP-Link', 'Kasa KL130', 'Activo', 'kit_tplink_kasa.jpg', 1019),
(1189, 'LED009', 'Aro de Luz LED 18\" para Streaming', 22, 'Unidad', 320000.00, 449000.00, 'Neewer', 'Ring Light 18', 'Activo', 'aro_neewer_18.jpg', 1019),
(1190, 'LED010', 'Proyector LED Exterior Navideño', 35, 'Unidad', 150000.00, 209000.00, 'Star Shower', 'Motion Projector', 'Activo', 'proyector_starshower.jpg', 1019),
(1191, 'CUI001', 'Secador de Cabello Profesional 2200W', 20, 'Unidad', 280000.00, 379000.00, 'Dyson', 'Supersonic', 'Activo', 'sec_dyson_supersonic.jpg', 1020),
(1192, 'CUI002', 'Afeitadora Eléctrica 3 Cabezas', 25, 'Unidad', 320000.00, 449000.00, 'Philips', 'Series 3000', 'Activo', 'afeit_philips_3000.jpg', 1020),
(1193, 'CUI003', 'Plancha de Cabello Cerámica', 30, 'Unidad', 180000.00, 249000.00, 'GHD', 'Gold Styler', 'Activo', 'plancha_ghd_gold.jpg', 1020),
(1194, 'CUI004', 'Rizadora Automática 32mm', 18, 'Unidad', 420000.00, 569000.00, 'BaByliss', 'MiraCurl', 'Activo', 'rizadora_babyliss.jpg', 1020),
(1195, 'CUI005', 'Depiladora Eléctrica Wet & Dry', 22, 'Unidad', 220000.00, 299000.00, 'Braun', 'Silk-épil 9', 'Activo', 'depil_braun_silk9.jpg', 1020),
(1196, 'CUI006', 'Cortapelos Profesional Inalámbrico', 15, 'Unidad', 380000.00, 519000.00, 'Wahl', 'Magic Clip', 'Activo', 'corta_wahl_magic.jpg', 1020),
(1197, 'CUI007', 'Cepillo Alisador Eléctrico', 28, 'Unidad', 150000.00, 209000.00, 'Revlon', 'One-Step', 'Activo', 'cepillo_revlon_onestep.jpg', 1020),
(1198, 'CUI008', 'Máquina de Afeitar Corporal', 12, 'Unidad', 280000.00, 379000.00, 'Manscaped', 'Lawn Mower 4.0', 'Activo', 'afeit_manscaped.jpg', 1020),
(1199, 'CUI009', 'Secador de Uñas LED 36W', 35, 'Unidad', 120000.00, 169000.00, 'Beetles', 'LED Nail Lamp', 'Activo', 'sec_unas_beetles.jpg', 1020),
(1200, 'CUI010', 'Set Manicure Eléctrico 11 Piezas', 20, 'Unidad', 95000.00, 139000.00, 'Beurer', 'MP 41', 'Activo', 'set_beurer_mp41.jpg', 1020);

-- --------------------------------------------------------

--
-- Estructura de tabla para la tabla `seq_1_to_1000`
--

DROP TABLE IF EXISTS `seq_1_to_1000`;
CREATE TABLE IF NOT EXISTS `seq_1_to_1000` (
  `seq` int NOT NULL,
  PRIMARY KEY (`seq`)
) ENGINE=MyISAM DEFAULT CHARSET=utf8mb4 COLLATE=utf8mb4_0900_ai_ci;

--
-- Volcado de datos para la tabla `seq_1_to_1000`
--

INSERT INTO `seq_1_to_1000` (`seq`) VALUES
(1),
(2),
(3),
(4),
(5),
(6),
(7),
(8),
(9),
(10),
(11),
(12),
(13),
(14),
(15),
(16),
(17),
(18),
(19),
(20),
(21),
(22),
(23),
(24),
(25),
(26),
(27),
(28),
(29),
(30),
(31),
(32),
(33),
(34),
(35),
(36),
(37),
(38),
(39),
(40),
(41),
(42),
(43),
(44),
(45),
(46),
(47),
(48),
(49),
(50),
(51),
(52),
(53),
(54),
(55),
(56),
(57),
(58),
(59),
(60),
(61),
(62),
(63),
(64),
(65),
(66),
(67),
(68),
(69),
(70),
(71),
(72),
(73),
(74),
(75),
(76),
(77),
(78),
(79),
(80),
(81),
(82),
(83),
(84),
(85),
(86),
(87),
(88),
(89),
(90),
(91),
(92),
(93),
(94),
(95),
(96),
(97),
(98),
(99),
(100),
(101),
(102),
(103),
(104),
(105),
(106),
(107),
(108),
(109),
(110),
(111),
(112),
(113),
(114),
(115),
(116),
(117),
(118),
(119),
(120),
(121),
(122),
(123),
(124),
(125),
(126),
(127),
(128),
(129),
(130),
(131),
(132),
(133),
(134),
(135),
(136),
(137),
(138),
(139),
(140),
(141),
(142),
(143),
(144),
(145),
(146),
(147),
(148),
(149),
(150),
(151),
(152),
(153),
(154),
(155),
(156),
(157),
(158),
(159),
(160),
(161),
(162),
(163),
(164),
(165),
(166),
(167),
(168),
(169),
(170),
(171),
(172),
(173),
(174),
(175),
(176),
(177),
(178),
(179),
(180),
(181),
(182),
(183),
(184),
(185),
(186),
(187),
(188),
(189),
(190),
(191),
(192),
(193),
(194),
(195),
(196),
(197),
(198),
(199),
(200),
(201),
(202),
(203),
(204),
(205),
(206),
(207),
(208),
(209),
(210),
(211),
(212),
(213),
(214),
(215),
(216),
(217),
(218),
(219),
(220),
(221),
(222),
(223),
(224),
(225),
(226),
(227),
(228),
(229),
(230),
(231),
(232),
(233),
(234),
(235),
(236),
(237),
(238),
(239),
(240),
(241),
(242),
(243),
(244),
(245),
(246),
(247),
(248),
(249),
(250),
(251),
(252),
(253),
(254),
(255),
(256),
(257),
(258),
(259),
(260),
(261),
(262),
(263),
(264),
(265),
(266),
(267),
(268),
(269),
(270),
(271),
(272),
(273),
(274),
(275),
(276),
(277),
(278),
(279),
(280),
(281),
(282),
(283),
(284),
(285),
(286),
(287),
(288),
(289),
(290),
(291),
(292),
(293),
(294),
(295),
(296),
(297),
(298),
(299),
(300),
(301),
(302),
(303),
(304),
(305),
(306),
(307),
(308),
(309),
(310),
(311),
(312),
(313),
(314),
(315),
(316),
(317),
(318),
(319),
(320),
(321),
(322),
(323),
(324),
(325),
(326),
(327),
(328),
(329),
(330),
(331),
(332),
(333),
(334),
(335),
(336),
(337),
(338),
(339),
(340),
(341),
(342),
(343),
(344),
(345),
(346),
(347),
(348),
(349),
(350),
(351),
(352),
(353),
(354),
(355),
(356),
(357),
(358),
(359),
(360),
(361),
(362),
(363),
(364),
(365),
(366),
(367),
(368),
(369),
(370),
(371),
(372),
(373),
(374),
(375),
(376),
(377),
(378),
(379),
(380),
(381),
(382),
(383),
(384),
(385),
(386),
(387),
(388),
(389),
(390),
(391),
(392),
(393),
(394),
(395),
(396),
(397),
(398),
(399),
(400),
(401),
(402),
(403),
(404),
(405),
(406),
(407),
(408),
(409),
(410),
(411),
(412),
(413),
(414),
(415),
(416),
(417),
(418),
(419),
(420),
(421),
(422),
(423),
(424),
(425),
(426),
(427),
(428),
(429),
(430),
(431),
(432),
(433),
(434),
(435),
(436),
(437),
(438),
(439),
(440),
(441),
(442),
(443),
(444),
(445),
(446),
(447),
(448),
(449),
(450),
(451),
(452),
(453),
(454),
(455),
(456),
(457),
(458),
(459),
(460),
(461),
(462),
(463),
(464),
(465),
(466),
(467),
(468),
(469),
(470),
(471),
(472),
(473),
(474),
(475),
(476),
(477),
(478),
(479),
(480),
(481),
(482),
(483),
(484),
(485),
(486),
(487),
(488),
(489),
(490),
(491),
(492),
(493),
(494),
(495),
(496),
(497),
(498),
(499),
(500),
(501),
(502),
(503),
(504),
(505),
(506),
(507),
(508),
(509),
(510),
(511),
(512),
(513),
(514),
(515),
(516),
(517),
(518),
(519),
(520),
(521),
(522),
(523),
(524),
(525),
(526),
(527),
(528),
(529),
(530),
(531),
(532),
(533),
(534),
(535),
(536),
(537),
(538),
(539),
(540),
(541),
(542),
(543),
(544),
(545),
(546),
(547),
(548),
(549),
(550),
(551),
(552),
(553),
(554),
(555),
(556),
(557),
(558),
(559),
(560),
(561),
(562),
(563),
(564),
(565),
(566),
(567),
(568),
(569),
(570),
(571),
(572),
(573),
(574),
(575),
(576),
(577),
(578),
(579),
(580),
(581),
(582),
(583),
(584),
(585),
(586),
(587),
(588),
(589),
(590),
(591),
(592),
(593),
(594),
(595),
(596),
(597),
(598),
(599),
(600),
(601),
(602),
(603),
(604),
(605),
(606),
(607),
(608),
(609),
(610),
(611),
(612),
(613),
(614),
(615),
(616),
(617),
(618),
(619),
(620),
(621),
(622),
(623),
(624),
(625),
(626),
(627),
(628),
(629),
(630),
(631),
(632),
(633),
(634),
(635),
(636),
(637),
(638),
(639),
(640),
(641),
(642),
(643),
(644),
(645),
(646),
(647),
(648),
(649),
(650),
(651),
(652),
(653),
(654),
(655),
(656),
(657),
(658),
(659),
(660),
(661),
(662),
(663),
(664),
(665),
(666),
(667),
(668),
(669),
(670),
(671),
(672),
(673),
(674),
(675),
(676),
(677),
(678),
(679),
(680),
(681),
(682),
(683),
(684),
(685),
(686),
(687),
(688),
(689),
(690),
(691),
(692),
(693),
(694),
(695),
(696),
(697),
(698),
(699),
(700),
(701),
(702),
(703),
(704),
(705),
(706),
(707),
(708),
(709),
(710),
(711),
(712),
(713),
(714),
(715),
(716),
(717),
(718),
(719),
(720),
(721),
(722),
(723),
(724),
(725),
(726),
(727),
(728),
(729),
(730),
(731),
(732),
(733),
(734),
(735),
(736),
(737),
(738),
(739),
(740),
(741),
(742),
(743),
(744),
(745),
(746),
(747),
(748),
(749),
(750),
(751),
(752),
(753),
(754),
(755),
(756),
(757),
(758),
(759),
(760),
(761),
(762),
(763),
(764),
(765),
(766),
(767),
(768),
(769),
(770),
(771),
(772),
(773),
(774),
(775),
(776),
(777),
(778),
(779),
(780),
(781),
(782),
(783),
(784),
(785),
(786),
(787),
(788),
(789),
(790),
(791),
(792),
(793),
(794),
(795),
(796),
(797),
(798),
(799),
(800),
(801),
(802),
(803),
(804),
(805),
(806),
(807),
(808),
(809),
(810),
(811),
(812),
(813),
(814),
(815),
(816),
(817),
(818),
(819),
(820),
(821),
(822),
(823),
(824),
(825),
(826),
(827),
(828),
(829),
(830),
(831),
(832),
(833),
(834),
(835),
(836),
(837),
(838),
(839),
(840),
(841),
(842),
(843),
(844),
(845),
(846),
(847),
(848),
(849),
(850),
(851),
(852),
(853),
(854),
(855),
(856),
(857),
(858),
(859),
(860),
(861),
(862),
(863),
(864),
(865),
(866),
(867),
(868),
(869),
(870),
(871),
(872),
(873),
(874),
(875),
(876),
(877),
(878),
(879),
(880),
(881),
(882),
(883),
(884),
(885),
(886),
(887),
(888),
(889),
(890),
(891),
(892),
(893),
(894),
(895),
(896),
(897),
(898),
(899),
(900),
(901),
(902),
(903),
(904),
(905),
(906),
(907),
(908),
(909),
(910),
(911),
(912),
(913),
(914),
(915),
(916),
(917),
(918),
(919),
(920),
(921),
(922),
(923),
(924),
(925),
(926),
(927),
(928),
(929),
(930),
(931),
(932),
(933),
(934),
(935),
(936),
(937),
(938),
(939),
(940),
(941),
(942),
(943),
(944),
(945),
(946),
(947),
(948),
(949),
(950),
(951),
(952),
(953),
(954),
(955),
(956),
(957),
(958),
(959),
(960),
(961),
(962),
(963),
(964),
(965),
(966),
(967),
(968),
(969),
(970),
(971),
(972),
(973),
(974),
(975),
(976),
(977),
(978),
(979),
(980),
(981),
(982),
(983),
(984),
(985),
(986),
(987),
(988),
(989),
(990),
(991),
(992),
(993),
(994),
(995),
(996),
(997),
(998),
(999),
(1000);

-- --------------------------------------------------------

--
-- Estructura de tabla para la tabla `usuario`
--

DROP TABLE IF EXISTS `usuario`;
CREATE TABLE IF NOT EXISTS `usuario` (
  `usuario_id` int NOT NULL AUTO_INCREMENT,
  `usuario_nombre` varchar(50) CHARACTER SET utf8mb3 COLLATE utf8mb3_spanish2_ci NOT NULL,
  `usuario_apellido` varchar(50) CHARACTER SET utf8mb3 COLLATE utf8mb3_spanish2_ci NOT NULL,
  `usuario_email` varchar(50) CHARACTER SET utf8mb3 COLLATE utf8mb3_spanish2_ci NOT NULL,
  `usuario_usuario` varchar(30) CHARACTER SET utf8mb3 COLLATE utf8mb3_spanish2_ci NOT NULL,
  `usuario_clave` varchar(535) CHARACTER SET utf8mb3 COLLATE utf8mb3_spanish2_ci NOT NULL,
  `usuario_foto` varchar(200) CHARACTER SET utf8mb3 COLLATE utf8mb3_spanish2_ci NOT NULL,
  `caja_id` int NOT NULL,
  PRIMARY KEY (`usuario_id`),
  KEY `caja_id` (`caja_id`)
) ENGINE=InnoDB AUTO_INCREMENT=32 DEFAULT CHARSET=utf8mb3 COLLATE=utf8mb3_spanish2_ci;

--
-- Volcado de datos para la tabla `usuario`
--

INSERT INTO `usuario` (`usuario_id`, `usuario_nombre`, `usuario_apellido`, `usuario_email`, `usuario_usuario`, `usuario_clave`, `usuario_foto`, `caja_id`) VALUES
(1, 'DACRIX', 'DACRIX', '', 'Cristian', '$2y$10$Jgm6xFb5Onz/BMdIkNK2Tur8yg/NYEMb/tdnhoV7kB1BwIG4R05D2', 'Dacrix_4.jpg', 1),
(4, 'Tienda', 'Dacrix', 'dacrix@gmail.com', 'dacrix', '$2y$10$OFJiz0N6ehHUgaTt8eRAIOrRN4hYZmRB1pPcrb637JSjkQ7W/H.1a', 'Tienda_95.jpg', 1),
(6, 'Carlos', 'Rodríguez', 'carlos.rodriguez@electrostore.com', 'crodriguez', 'admin123', '', 1),
(7, 'María', 'González', 'maria.gonzalez@electrostore.com', 'mgonzalez', 'admin456', '', 21),
(8, 'José', 'Martínez', 'jose.martinez@electrostore.com', 'jmartinez', 'super789', '', 10),
(9, 'Ana', 'López', 'ana.lopez@electrostore.com', 'alopez', 'cajero123', '', 1),
(10, 'Luis', 'Hernández', 'luis.hernandez@electrostore.com', 'lhernandez', 'cajero456', '', 2),
(11, 'Patricia', 'García', 'patricia.garcia@electrostore.com', 'pgarcia', 'cajero789', '', 3),
(12, 'Roberto', 'Silva', 'roberto.silva@electrostore.com', 'rsilva', 'cajero101', '', 4),
(13, 'Carmen', 'Torres', 'carmen.torres@electrostore.com', 'ctorres', 'cajero202', '', 5),
(14, 'Diego', 'Ramírez', 'diego.ramirez@electrostore.com', 'dramirez', 'tech123', '', 6),
(15, 'Sofía', 'Morales', 'sofia.morales@electrostore.com', 'smorales', 'tech456', '', 7),
(16, 'Andrés', 'Vargas', 'andres.vargas@electrostore.com', 'avargas', 'game789', '', 8),
(17, 'Valentina', 'Castro', 'valentina.castro@electrostore.com', 'vcastro', 'serv101', '', 9),
(18, 'Felipe', 'Jiménez', 'felipe.jimenez@electrostore.com', 'fjimenez', 'outlet202', '', 11),
(19, 'Camila', 'Ruiz', 'camila.ruiz@electrostore.com', 'cruiz', 'auto123', '', 12),
(20, 'Sebastián', 'Mendoza', 'sebastian.mendoza@electrostore.com', 'smendoza', 'auto456', '', 13),
(21, 'Isabella', 'Peña', 'isabella.pena@electrostore.com', 'ipena', 'auto789', '', 14),
(22, 'Alejandro', 'Vega', 'alejandro.vega@electrostore.com', 'avega', 'super123', '', 15),
(23, 'Natalia', 'Ospina', 'natalia.ospina@electrostore.com', 'nospina', 'linea456', '', 16),
(24, 'Mauricio', 'Delgado', 'mauricio.delgado@electrostore.com', 'mdelgado', 'foto789', '', 17),
(25, 'Daniela', 'Acosta', 'daniela.acosta@electrostore.com', 'dacosta', 'comp101', '', 18),
(26, 'Gabriel', 'Rojas', 'gabriel.rojas@electrostore.com', 'grojas', 'domi202', '', 19),
(27, 'Juliana', 'Moreno', 'juliana.moreno@electrostore.com', 'jmoreno', 'turno123', '', 2),
(28, 'Nicolás', 'Gutiérrez', 'nicolas.gutierrez@electrostore.com', 'ngutierrez', 'turno456', '', 3),
(29, 'Mariana', 'Salazar', 'mariana.salazar@electrostore.com', 'msalazar', 'turno789', '', 4),
(30, 'Santiago', 'Paredes', 'santiago.paredes@electrostore.com', 'sparedes', 'turno101', '', 6),
(31, 'Alejandra', 'Montoya', 'alejandra.montoya@electrostore.com', 'amontoya', 'turno202', '', 7);

-- --------------------------------------------------------

--
-- Estructura de tabla para la tabla `venta`
--

DROP TABLE IF EXISTS `venta`;
CREATE TABLE IF NOT EXISTS `venta` (
  `venta_id` int NOT NULL AUTO_INCREMENT,
  `venta_codigo` varchar(200) CHARACTER SET utf8mb3 COLLATE utf8mb3_spanish2_ci NOT NULL,
  `venta_fecha` date NOT NULL,
  `venta_hora` varchar(17) CHARACTER SET utf8mb3 COLLATE utf8mb3_spanish2_ci NOT NULL,
  `venta_total` decimal(30,2) NOT NULL,
  `venta_pagado` decimal(30,2) NOT NULL,
  `venta_cambio` decimal(30,2) NOT NULL,
  `usuario_id` int NOT NULL,
  `cliente_id` int NOT NULL,
  `caja_id` int NOT NULL,
  PRIMARY KEY (`venta_id`),
  UNIQUE KEY `venta_codigo` (`venta_codigo`),
  KEY `usuario_id` (`usuario_id`),
  KEY `cliente_id` (`cliente_id`),
  KEY `caja_id` (`caja_id`)
) ENGINE=InnoDB AUTO_INCREMENT=215 DEFAULT CHARSET=utf8mb3 COLLATE=utf8mb3_spanish2_ci;

--
-- Volcado de datos para la tabla `venta`
--

INSERT INTO `venta` (`venta_id`, `venta_codigo`, `venta_fecha`, `venta_hora`, `venta_total`, `venta_pagado`, `venta_cambio`, `usuario_id`, `cliente_id`, `caja_id`) VALUES
(1, 'VTA-000001', '2024-06-24', '11:08', 741.67, 1168.03, 426.36, 23, 9, 11),
(2, 'VTA-000002', '2024-07-22', '17:53', 1501.70, 1639.20, 137.50, 27, 96, 15),
(3, 'VTA-000003', '2025-08-11', '11:01', 3489.74, 3708.02, 218.28, 31, 17, 11),
(4, 'VTA-000004', '2023-04-10', '19:31', 3528.09, 3744.58, 216.49, 4, 69, 7),
(5, 'VTA-000005', '2024-08-29', '11:08', 1113.48, 1175.36, 61.88, 28, 37, 20),
(6, 'VTA-000006', '2024-11-18', '15:54', 250.65, 629.21, 378.56, 6, 96, 18),
(7, 'VTA-000007', '2023-09-27', '10:59', 978.44, 989.77, 11.33, 29, 59, 10),
(8, 'VTA-000008', '2025-03-10', '15:27', 568.25, 1036.38, 468.13, 22, 38, 6),
(9, 'VTA-000009', '2023-01-31', '18:56', 2538.03, 2690.06, 152.03, 13, 101, 12),
(10, 'VTA-000010', '2023-05-08', '19:40', 1967.41, 2390.77, 423.36, 10, 2, 21),
(11, 'VTA-000011', '2024-07-31', '18:32', 451.76, 466.78, 15.02, 20, 51, 18),
(12, 'VTA-000012', '2024-03-17', '16:58', 4299.63, 4515.09, 215.46, 12, 37, 21),
(13, 'VTA-000013', '2023-09-26', '15:56', 1996.92, 2132.04, 135.12, 10, 68, 17),
(14, 'VTA-000014', '2023-11-21', '13:18', 703.25, 1090.49, 387.24, 21, 15, 13),
(15, 'VTA-000015', '2023-09-06', '09:03', 4223.17, 4323.67, 100.50, 21, 80, 14),
(16, 'VTA-000016', '2023-11-17', '10:17', 3211.27, 3519.02, 307.75, 30, 90, 17),
(17, 'VTA-000017', '2024-02-26', '19:23', 1140.85, 1369.48, 228.63, 14, 88, 5),
(18, 'VTA-000018', '2023-03-04', '13:24', 2779.08, 3184.39, 405.31, 16, 34, 21),
(19, 'VTA-000019', '2025-06-29', '16:06', 1860.02, 2065.07, 205.05, 17, 18, 15),
(20, 'VTA-000020', '2025-03-31', '15:26', 3646.72, 4083.17, 436.45, 27, 12, 6),
(21, 'VTA-000021', '2023-04-09', '08:51', 3731.63, 4167.21, 435.58, 12, 28, 14),
(22, 'VTA-000022', '2025-08-09', '12:03', 2304.47, 2681.77, 377.30, 15, 6, 2),
(23, 'VTA-000023', '2023-04-14', '14:39', 1687.46, 1766.90, 79.44, 24, 86, 18),
(24, 'VTA-000024', '2023-06-15', '12:14', 1459.00, 1481.14, 22.14, 18, 54, 21),
(25, 'VTA-000025', '2023-08-13', '11:45', 2862.04, 3325.95, 463.91, 25, 37, 8),
(26, 'VTA-000026', '2023-02-27', '13:17', 881.88, 1315.67, 433.79, 26, 17, 8),
(27, 'VTA-000027', '2025-04-15', '18:07', 4281.67, 4665.28, 383.61, 26, 37, 4),
(28, 'VTA-000028', '2024-08-23', '18:04', 3478.95, 3692.35, 213.40, 27, 89, 18),
(29, 'VTA-000029', '2025-08-25', '09:31', 4253.20, 4502.25, 249.05, 6, 78, 8),
(30, 'VTA-000030', '2024-12-03', '14:52', 1336.07, 1549.37, 213.30, 21, 71, 4),
(31, 'VTA-000031', '2023-12-07', '18:07', 4057.64, 4167.74, 110.10, 20, 49, 14),
(32, 'VTA-000032', '2024-03-04', '15:21', 4763.78, 5147.63, 383.85, 1, 63, 16),
(33, 'VTA-000033', '2023-11-03', '19:15', 852.78, 1197.96, 345.18, 11, 91, 7),
(34, 'VTA-000034', '2024-10-06', '16:49', 3496.86, 3635.92, 139.06, 12, 28, 4),
(35, 'VTA-000035', '2024-07-14', '16:53', 512.46, 799.89, 287.43, 15, 20, 2),
(36, 'VTA-000036', '2023-08-31', '13:52', 3073.67, 3247.55, 173.88, 17, 100, 16),
(37, 'VTA-000037', '2024-12-03', '16:04', 683.74, 873.94, 190.20, 17, 15, 10),
(38, 'VTA-000038', '2024-10-17', '20:54', 4216.32, 4217.38, 1.06, 7, 56, 18),
(39, 'VTA-000039', '2023-01-16', '11:08', 1523.51, 1826.47, 302.96, 18, 9, 18),
(40, 'VTA-000040', '2025-07-31', '10:29', 3422.79, 3472.15, 49.36, 30, 87, 13),
(41, 'VTA-000041', '2025-05-09', '19:34', 2327.39, 2497.40, 170.01, 27, 86, 7),
(42, 'VTA-000042', '2024-01-07', '20:42', 4652.68, 4928.20, 275.52, 26, 75, 10),
(43, 'VTA-000043', '2023-03-21', '17:14', 1901.78, 2091.61, 189.83, 20, 76, 5),
(44, 'VTA-000044', '2024-12-11', '11:47', 1279.88, 1765.20, 485.32, 17, 77, 6),
(45, 'VTA-000045', '2024-08-07', '16:29', 4431.44, 4442.99, 11.55, 7, 22, 3),
(46, 'VTA-000046', '2025-08-23', '16:19', 216.36, 558.31, 341.95, 11, 48, 8),
(47, 'VTA-000047', '2024-10-22', '16:04', 3294.19, 3447.70, 153.51, 27, 83, 13),
(48, 'VTA-000048', '2025-01-04', '09:11', 980.23, 1018.90, 38.67, 29, 42, 16),
(49, 'VTA-000049', '2023-06-18', '14:50', 4994.08, 5417.24, 423.16, 14, 35, 1),
(50, 'VTA-000050', '2024-09-18', '11:54', 3386.78, 3418.66, 31.88, 14, 55, 6),
(51, 'VTA-000051', '2023-10-19', '11:54', 4825.54, 5077.38, 251.84, 24, 59, 20),
(52, 'VTA-000052', '2024-02-10', '11:34', 2535.00, 2967.64, 432.64, 19, 5, 4),
(53, 'VTA-000053', '2023-05-16', '16:18', 1608.43, 1907.73, 299.30, 28, 66, 13),
(54, 'VTA-000054', '2024-05-26', '20:29', 1197.60, 1232.35, 34.75, 17, 73, 15),
(55, 'VTA-000055', '2024-01-03', '20:25', 180.86, 461.08, 280.22, 14, 94, 1),
(56, 'VTA-000056', '2024-12-11', '15:40', 3297.38, 3313.35, 15.97, 16, 6, 4),
(57, 'VTA-000057', '2023-08-28', '14:49', 1283.52, 1394.36, 110.84, 7, 6, 13),
(58, 'VTA-000058', '2023-08-13', '16:51', 3427.81, 3510.58, 82.77, 20, 62, 20),
(59, 'VTA-000059', '2025-08-11', '20:09', 4382.39, 4778.31, 395.92, 13, 6, 16),
(60, 'VTA-000060', '2023-02-08', '18:34', 2731.99, 3191.85, 459.86, 7, 75, 6),
(61, 'VTA-000061', '2023-02-20', '08:44', 2110.92, 2428.39, 317.47, 21, 59, 1),
(62, 'VTA-000062', '2024-04-16', '19:40', 1952.05, 2087.28, 135.23, 13, 43, 13),
(63, 'VTA-000063', '2025-04-22', '15:59', 3668.03, 3887.34, 219.31, 22, 31, 5),
(64, 'VTA-000064', '2025-02-02', '11:00', 1853.54, 2165.68, 312.14, 28, 55, 12),
(65, 'VTA-000065', '2025-06-16', '14:56', 2201.01, 2266.18, 65.17, 1, 51, 8),
(66, 'VTA-000066', '2023-03-15', '14:58', 2236.39, 2617.40, 381.01, 6, 34, 6),
(67, 'VTA-000067', '2023-06-05', '14:01', 4776.89, 4947.75, 170.86, 4, 62, 21),
(68, 'VTA-000068', '2024-04-15', '09:25', 2077.99, 2571.25, 493.26, 30, 91, 4),
(69, 'VTA-000069', '2024-10-30', '12:11', 3414.96, 3904.17, 489.21, 29, 55, 3),
(70, 'VTA-000070', '2025-07-26', '11:49', 3749.92, 3937.51, 187.59, 21, 2, 10),
(71, 'VTA-000071', '2023-05-31', '14:01', 2527.54, 2621.51, 93.97, 1, 9, 7),
(72, 'VTA-000072', '2024-02-04', '15:01', 4182.67, 4504.45, 321.78, 14, 71, 11),
(73, 'VTA-000073', '2023-04-05', '11:33', 466.33, 667.26, 200.93, 29, 16, 7),
(74, 'VTA-000074', '2024-08-30', '18:07', 4074.44, 4305.46, 231.02, 14, 83, 9),
(75, 'VTA-000075', '2024-06-22', '10:11', 718.75, 1134.19, 415.44, 26, 8, 12),
(76, 'VTA-000076', '2025-06-04', '12:51', 4973.96, 5142.74, 168.78, 4, 46, 12),
(77, 'VTA-000077', '2023-03-15', '18:12', 2872.37, 3132.55, 260.18, 24, 83, 5),
(78, 'VTA-000078', '2024-09-22', '12:38', 3008.94, 3287.83, 278.89, 15, 80, 18),
(79, 'VTA-000079', '2023-01-23', '16:03', 1515.36, 1788.29, 272.93, 24, 82, 19),
(80, 'VTA-000080', '2023-05-05', '20:07', 4557.74, 4750.71, 192.97, 1, 75, 18),
(81, 'VTA-000081', '2023-08-18', '20:24', 3432.12, 3579.98, 147.86, 24, 70, 5),
(82, 'VTA-000082', '2024-06-16', '17:43', 2314.83, 2695.79, 380.96, 21, 86, 18),
(83, 'VTA-000083', '2023-12-07', '15:53', 4687.11, 4696.23, 9.12, 26, 45, 15),
(84, 'VTA-000084', '2024-04-09', '15:45', 1094.49, 1339.36, 244.87, 6, 90, 4),
(85, 'VTA-000085', '2023-11-27', '08:49', 1350.49, 1659.93, 309.44, 29, 8, 16),
(86, 'VTA-000086', '2023-04-08', '17:25', 1703.37, 2076.48, 373.11, 11, 88, 17),
(87, 'VTA-000087', '2024-09-25', '19:54', 213.88, 632.76, 418.88, 13, 97, 3),
(88, 'VTA-000088', '2024-06-23', '17:25', 1427.24, 1712.21, 284.97, 12, 78, 14),
(89, 'VTA-000089', '2024-03-29', '10:50', 4620.30, 4759.86, 139.56, 12, 99, 15),
(90, 'VTA-000090', '2024-01-07', '17:01', 171.83, 507.26, 335.43, 11, 31, 6),
(91, 'VTA-000091', '2024-03-19', '15:47', 432.65, 717.40, 284.75, 28, 81, 6),
(92, 'VTA-000092', '2023-12-25', '11:03', 1909.81, 2294.01, 384.20, 30, 66, 11),
(93, 'VTA-000093', '2023-02-19', '11:43', 3354.34, 3438.39, 84.05, 26, 36, 10),
(94, 'VTA-000094', '2023-07-31', '10:56', 2028.67, 2431.16, 402.49, 26, 36, 19),
(95, 'VTA-000095', '2025-03-07', '12:25', 3688.01, 3930.03, 242.02, 16, 86, 10),
(96, 'VTA-000096', '2024-05-07', '14:27', 4882.29, 5036.08, 153.79, 8, 54, 14),
(97, 'VTA-000097', '2023-02-09', '16:37', 4384.14, 4543.11, 158.97, 28, 98, 7),
(98, 'VTA-000098', '2024-08-20', '19:16', 3352.79, 3787.43, 434.64, 15, 74, 12),
(99, 'VTA-000099', '2024-10-30', '20:34', 1578.74, 2060.20, 481.46, 25, 4, 11),
(100, 'VTA-000100', '2023-08-11', '19:45', 860.44, 1192.84, 332.40, 23, 56, 4);

-- --------------------------------------------------------

--
-- Estructura de tabla para la tabla `venta_detalle`
--

DROP TABLE IF EXISTS `venta_detalle`;
CREATE TABLE IF NOT EXISTS `venta_detalle` (
  `venta_detalle_id` int NOT NULL AUTO_INCREMENT,
  `venta_detalle_cantidad` int NOT NULL,
  `venta_detalle_precio_compra` decimal(30,2) NOT NULL,
  `venta_detalle_precio_venta` decimal(30,2) NOT NULL,
  `venta_detalle_total` decimal(30,2) NOT NULL,
  `venta_detalle_descripcion` varchar(200) CHARACTER SET utf8mb3 COLLATE utf8mb3_spanish2_ci NOT NULL,
  `venta_codigo` varchar(200) CHARACTER SET utf8mb3 COLLATE utf8mb3_spanish2_ci NOT NULL,
  `producto_id` int NOT NULL,
  PRIMARY KEY (`venta_detalle_id`),
  KEY `venta_id` (`venta_codigo`),
  KEY `producto_id` (`producto_id`)
) ENGINE=InnoDB AUTO_INCREMENT=2963 DEFAULT CHARSET=utf8mb3 COLLATE=utf8mb3_spanish2_ci;

--
-- Volcado de datos para la tabla `venta_detalle`
--

INSERT INTO `venta_detalle` (`venta_detalle_id`, `venta_detalle_cantidad`, `venta_detalle_precio_compra`, `venta_detalle_precio_venta`, `venta_detalle_total`, `venta_detalle_descripcion`, `venta_codigo`, `producto_id`) VALUES
(2561, 2, 79.03, 160.41, 639.14, 'Venta de 4 unidades del producto 1009', 'VTA-000001', 1009),
(2562, 4, 82.94, 158.88, 483.70, 'Venta de 1 unidades del producto 1007', 'VTA-000002', 1007),
(2563, 3, 42.76, 115.16, 596.24, 'Venta de 2 unidades del producto 1146', 'VTA-000003', 1146),
(2564, 4, 75.90, 174.99, 97.89, 'Venta de 5 unidades del producto 1097', 'VTA-000004', 1097),
(2565, 3, 67.56, 143.99, 572.97, 'Venta de 4 unidades del producto 1006', 'VTA-000005', 1006),
(2566, 5, 15.45, 5.85, 682.76, 'Venta de 2 unidades del producto 1162', 'VTA-000006', 1162),
(2567, 5, 91.39, 154.70, 125.80, 'Venta de 2 unidades del producto 1117', 'VTA-000007', 1117),
(2568, 5, 0.55, 65.40, 618.40, 'Venta de 1 unidades del producto 1034', 'VTA-000008', 1034),
(2569, 1, 73.56, 35.31, 675.93, 'Venta de 5 unidades del producto 1141', 'VTA-000009', 1141),
(2570, 3, 13.98, 3.04, 656.54, 'Venta de 2 unidades del producto 1045', 'VTA-000010', 1045),
(2571, 2, 18.80, 167.79, 630.73, 'Venta de 4 unidades del producto 1044', 'VTA-000011', 1044),
(2572, 3, 87.68, 146.36, 28.60, 'Venta de 5 unidades del producto 1059', 'VTA-000012', 1059),
(2573, 3, 13.46, 83.66, 687.61, 'Venta de 1 unidades del producto 1131', 'VTA-000013', 1131),
(2574, 4, 1.99, 190.42, 700.70, 'Venta de 4 unidades del producto 1171', 'VTA-000014', 1171),
(2575, 4, 24.17, 4.39, 384.83, 'Venta de 5 unidades del producto 1027', 'VTA-000015', 1027),
(2576, 1, 13.34, 68.19, 304.56, 'Venta de 3 unidades del producto 1028', 'VTA-000016', 1028),
(2577, 3, 39.30, 134.92, 193.77, 'Venta de 5 unidades del producto 1118', 'VTA-000017', 1118),
(2578, 5, 99.60, 64.53, 625.38, 'Venta de 1 unidades del producto 1029', 'VTA-000018', 1029),
(2579, 1, 82.36, 154.13, 382.25, 'Venta de 3 unidades del producto 1184', 'VTA-000019', 1184),
(2580, 3, 70.95, 38.34, 830.18, 'Venta de 3 unidades del producto 1170', 'VTA-000020', 1170),
(2581, 2, 90.45, 176.19, 691.26, 'Venta de 5 unidades del producto 1078', 'VTA-000021', 1078),
(2582, 3, 65.73, 140.74, 546.59, 'Venta de 4 unidades del producto 1199', 'VTA-000022', 1199),
(2583, 3, 99.71, 108.48, 720.80, 'Venta de 5 unidades del producto 1094', 'VTA-000023', 1094),
(2584, 4, 22.29, 16.34, 739.98, 'Venta de 3 unidades del producto 1145', 'VTA-000024', 1145),
(2585, 5, 36.56, 22.31, 460.88, 'Venta de 5 unidades del producto 1011', 'VTA-000025', 1011),
(2586, 3, 71.06, 57.48, 305.12, 'Venta de 4 unidades del producto 1094', 'VTA-000026', 1094),
(2587, 1, 89.19, 80.12, 327.45, 'Venta de 3 unidades del producto 1081', 'VTA-000027', 1081),
(2588, 4, 75.43, 153.67, 578.88, 'Venta de 3 unidades del producto 1039', 'VTA-000028', 1039),
(2589, 2, 77.62, 7.57, 860.52, 'Venta de 1 unidades del producto 1042', 'VTA-000029', 1042),
(2590, 2, 16.49, 14.18, 859.82, 'Venta de 1 unidades del producto 1073', 'VTA-000030', 1073),
(2591, 1, 46.02, 58.09, 71.61, 'Venta de 3 unidades del producto 1171', 'VTA-000031', 1171),
(2592, 4, 50.47, 125.54, 624.33, 'Venta de 2 unidades del producto 1044', 'VTA-000032', 1044),
(2593, 5, 45.64, 126.48, 792.94, 'Venta de 1 unidades del producto 1064', 'VTA-000033', 1064),
(2594, 3, 7.87, 124.09, 866.27, 'Venta de 3 unidades del producto 1192', 'VTA-000034', 1192),
(2595, 2, 47.69, 69.22, 299.77, 'Venta de 3 unidades del producto 1151', 'VTA-000035', 1151),
(2596, 4, 97.29, 190.77, 850.70, 'Venta de 2 unidades del producto 1081', 'VTA-000036', 1081),
(2597, 5, 8.78, 170.49, 999.03, 'Venta de 3 unidades del producto 1082', 'VTA-000037', 1082),
(2598, 4, 65.24, 65.05, 669.16, 'Venta de 2 unidades del producto 1039', 'VTA-000038', 1039),
(2599, 1, 98.97, 127.53, 219.24, 'Venta de 1 unidades del producto 1169', 'VTA-000039', 1169),
(2600, 4, 93.71, 91.57, 478.18, 'Venta de 1 unidades del producto 1052', 'VTA-000040', 1052),
(2601, 2, 8.15, 157.06, 681.94, 'Venta de 1 unidades del producto 1131', 'VTA-000041', 1131),
(2602, 5, 10.75, 134.16, 31.53, 'Venta de 1 unidades del producto 1045', 'VTA-000042', 1045),
(2603, 4, 71.89, 85.24, 974.30, 'Venta de 3 unidades del producto 1127', 'VTA-000043', 1127),
(2604, 3, 1.60, 159.20, 932.02, 'Venta de 2 unidades del producto 1009', 'VTA-000044', 1009),
(2605, 1, 33.81, 134.28, 342.65, 'Venta de 4 unidades del producto 1113', 'VTA-000045', 1113),
(2606, 2, 80.23, 57.66, 34.66, 'Venta de 2 unidades del producto 1094', 'VTA-000046', 1094),
(2607, 2, 0.65, 48.09, 182.72, 'Venta de 1 unidades del producto 1088', 'VTA-000047', 1088),
(2608, 3, 21.03, 116.24, 275.08, 'Venta de 4 unidades del producto 1083', 'VTA-000048', 1083),
(2609, 4, 86.49, 0.95, 429.17, 'Venta de 1 unidades del producto 1067', 'VTA-000049', 1067),
(2610, 3, 17.56, 101.14, 1.73, 'Venta de 3 unidades del producto 1075', 'VTA-000050', 1075),
(2611, 4, 59.05, 116.58, 143.07, 'Venta de 5 unidades del producto 1091', 'VTA-000051', 1091),
(2612, 1, 38.54, 113.78, 688.22, 'Venta de 4 unidades del producto 1081', 'VTA-000052', 1081),
(2613, 5, 34.81, 47.64, 146.59, 'Venta de 1 unidades del producto 1122', 'VTA-000053', 1122),
(2614, 2, 7.30, 149.45, 517.29, 'Venta de 2 unidades del producto 1131', 'VTA-000054', 1131),
(2615, 5, 59.87, 105.22, 834.40, 'Venta de 3 unidades del producto 1035', 'VTA-000055', 1035),
(2616, 3, 32.50, 198.64, 990.99, 'Venta de 5 unidades del producto 1093', 'VTA-000056', 1093),
(2617, 3, 24.72, 92.27, 565.19, 'Venta de 3 unidades del producto 1181', 'VTA-000057', 1181),
(2618, 2, 67.92, 132.63, 278.30, 'Venta de 3 unidades del producto 1103', 'VTA-000058', 1103),
(2619, 4, 82.44, 22.41, 87.02, 'Venta de 1 unidades del producto 1036', 'VTA-000059', 1036),
(2620, 5, 65.62, 133.32, 364.50, 'Venta de 5 unidades del producto 1047', 'VTA-000060', 1047),
(2621, 4, 9.79, 119.01, 681.54, 'Venta de 4 unidades del producto 1004', 'VTA-000061', 1004),
(2622, 3, 15.55, 72.41, 343.71, 'Venta de 4 unidades del producto 1014', 'VTA-000062', 1014),
(2623, 4, 39.42, 139.79, 312.13, 'Venta de 3 unidades del producto 1027', 'VTA-000063', 1027),
(2624, 3, 45.44, 142.21, 192.28, 'Venta de 5 unidades del producto 1077', 'VTA-000064', 1077),
(2625, 2, 98.69, 185.38, 673.97, 'Venta de 3 unidades del producto 1113', 'VTA-000065', 1113),
(2626, 5, 48.10, 170.84, 827.88, 'Venta de 3 unidades del producto 1185', 'VTA-000066', 1185),
(2627, 2, 15.69, 193.89, 376.71, 'Venta de 5 unidades del producto 1081', 'VTA-000067', 1081),
(2628, 5, 77.87, 96.80, 83.79, 'Venta de 5 unidades del producto 1150', 'VTA-000068', 1150),
(2629, 1, 33.51, 124.77, 113.90, 'Venta de 4 unidades del producto 1117', 'VTA-000069', 1117),
(2630, 4, 79.22, 3.80, 718.19, 'Venta de 3 unidades del producto 1030', 'VTA-000070', 1030),
(2631, 5, 32.68, 142.06, 571.14, 'Venta de 4 unidades del producto 1104', 'VTA-000071', 1104),
(2632, 2, 16.24, 135.06, 889.28, 'Venta de 3 unidades del producto 1183', 'VTA-000072', 1183),
(2633, 5, 25.87, 111.15, 2.48, 'Venta de 2 unidades del producto 1087', 'VTA-000073', 1087),
(2634, 3, 62.91, 94.91, 485.53, 'Venta de 1 unidades del producto 1144', 'VTA-000074', 1144),
(2635, 5, 33.90, 55.45, 369.10, 'Venta de 1 unidades del producto 1113', 'VTA-000075', 1113),
(2636, 4, 94.83, 88.31, 362.98, 'Venta de 3 unidades del producto 1193', 'VTA-000076', 1193),
(2637, 2, 61.32, 9.22, 391.06, 'Venta de 5 unidades del producto 1073', 'VTA-000077', 1073),
(2638, 1, 80.44, 139.63, 77.60, 'Venta de 2 unidades del producto 1183', 'VTA-000078', 1183),
(2639, 2, 76.25, 186.51, 375.24, 'Venta de 1 unidades del producto 1047', 'VTA-000079', 1047),
(2640, 1, 68.85, 29.88, 681.61, 'Venta de 5 unidades del producto 1054', 'VTA-000080', 1054),
(2641, 5, 19.52, 60.23, 920.25, 'Venta de 4 unidades del producto 1151', 'VTA-000081', 1151),
(2642, 3, 55.71, 28.06, 30.18, 'Venta de 4 unidades del producto 1146', 'VTA-000082', 1146),
(2643, 4, 35.09, 187.50, 634.90, 'Venta de 2 unidades del producto 1112', 'VTA-000083', 1112),
(2644, 3, 48.39, 20.01, 48.51, 'Venta de 5 unidades del producto 1182', 'VTA-000084', 1182),
(2645, 1, 32.15, 119.05, 11.82, 'Venta de 2 unidades del producto 1114', 'VTA-000085', 1114),
(2646, 5, 19.09, 88.70, 644.74, 'Venta de 5 unidades del producto 1067', 'VTA-000086', 1067),
(2647, 5, 30.04, 112.89, 921.18, 'Venta de 5 unidades del producto 1107', 'VTA-000087', 1107),
(2648, 2, 89.43, 139.26, 798.60, 'Venta de 5 unidades del producto 1160', 'VTA-000088', 1160),
(2649, 5, 18.46, 37.49, 383.52, 'Venta de 2 unidades del producto 1025', 'VTA-000089', 1025),
(2650, 1, 43.44, 197.02, 622.47, 'Venta de 1 unidades del producto 1126', 'VTA-000090', 1126),
(2651, 1, 83.53, 164.71, 611.67, 'Venta de 3 unidades del producto 1184', 'VTA-000091', 1184),
(2652, 4, 46.29, 10.06, 862.80, 'Venta de 1 unidades del producto 1021', 'VTA-000092', 1021),
(2653, 4, 55.22, 164.14, 446.81, 'Venta de 4 unidades del producto 1046', 'VTA-000093', 1046),
(2654, 2, 85.02, 81.17, 478.48, 'Venta de 1 unidades del producto 1104', 'VTA-000094', 1104),
(2655, 4, 3.41, 31.95, 696.52, 'Venta de 1 unidades del producto 1088', 'VTA-000095', 1088),
(2656, 4, 34.88, 173.14, 282.14, 'Venta de 5 unidades del producto 1186', 'VTA-000096', 1186),
(2657, 4, 66.71, 67.34, 682.21, 'Venta de 3 unidades del producto 1045', 'VTA-000097', 1045),
(2658, 3, 6.58, 112.95, 626.42, 'Venta de 3 unidades del producto 1192', 'VTA-000098', 1192),
(2659, 2, 24.92, 107.79, 946.96, 'Venta de 1 unidades del producto 1062', 'VTA-000099', 1062),
(2660, 2, 70.97, 74.85, 742.20, 'Venta de 3 unidades del producto 1150', 'VTA-000100', 1150),
(2661, 1, 26.82, 31.38, 979.94, 'Venta de 3 unidades del producto 1003', 'VTA-000001', 1003),
(2662, 4, 7.99, 36.46, 671.63, 'Venta de 5 unidades del producto 1042', 'VTA-000002', 1042),
(2663, 4, 74.62, 81.63, 802.35, 'Venta de 4 unidades del producto 1009', 'VTA-000003', 1009),
(2664, 2, 83.43, 63.63, 88.03, 'Venta de 3 unidades del producto 1106', 'VTA-000004', 1106),
(2665, 2, 32.62, 107.93, 719.85, 'Venta de 5 unidades del producto 1033', 'VTA-000005', 1033),
(2666, 4, 61.53, 154.41, 14.48, 'Venta de 4 unidades del producto 1149', 'VTA-000006', 1149),
(2667, 3, 88.06, 29.47, 94.87, 'Venta de 1 unidades del producto 1148', 'VTA-000007', 1148),
(2668, 2, 81.12, 38.13, 519.59, 'Venta de 1 unidades del producto 1176', 'VTA-000008', 1176),
(2669, 4, 17.33, 106.92, 153.18, 'Venta de 1 unidades del producto 1115', 'VTA-000009', 1115),
(2670, 2, 28.66, 125.89, 287.59, 'Venta de 3 unidades del producto 1071', 'VTA-000010', 1071),
(2671, 4, 22.97, 163.49, 398.12, 'Venta de 3 unidades del producto 1178', 'VTA-000011', 1178),
(2672, 5, 85.86, 136.67, 840.94, 'Venta de 1 unidades del producto 1100', 'VTA-000012', 1100),
(2673, 4, 18.99, 116.93, 353.55, 'Venta de 1 unidades del producto 1051', 'VTA-000013', 1051),
(2674, 1, 98.12, 180.35, 565.24, 'Venta de 1 unidades del producto 1002', 'VTA-000014', 1002),
(2675, 1, 18.07, 71.87, 254.47, 'Venta de 1 unidades del producto 1182', 'VTA-000015', 1182),
(2676, 3, 66.89, 193.64, 834.26, 'Venta de 2 unidades del producto 1042', 'VTA-000016', 1042),
(2677, 2, 27.20, 60.39, 693.58, 'Venta de 3 unidades del producto 1167', 'VTA-000017', 1167),
(2678, 5, 62.50, 47.22, 305.64, 'Venta de 5 unidades del producto 1146', 'VTA-000018', 1146),
(2679, 3, 71.64, 44.70, 968.44, 'Venta de 1 unidades del producto 1037', 'VTA-000019', 1037),
(2680, 2, 39.36, 43.24, 900.12, 'Venta de 5 unidades del producto 1191', 'VTA-000020', 1191),
(2681, 2, 53.76, 191.54, 175.71, 'Venta de 1 unidades del producto 1112', 'VTA-000021', 1112),
(2682, 3, 91.46, 24.90, 878.69, 'Venta de 1 unidades del producto 1100', 'VTA-000022', 1100),
(2683, 2, 90.61, 150.40, 41.51, 'Venta de 5 unidades del producto 1093', 'VTA-000023', 1093),
(2684, 2, 66.26, 75.06, 888.71, 'Venta de 2 unidades del producto 1127', 'VTA-000024', 1127),
(2685, 4, 51.52, 121.55, 493.21, 'Venta de 4 unidades del producto 1185', 'VTA-000025', 1185),
(2686, 4, 50.64, 61.41, 16.09, 'Venta de 1 unidades del producto 1147', 'VTA-000026', 1147),
(2687, 2, 6.76, 110.20, 552.27, 'Venta de 1 unidades del producto 1150', 'VTA-000027', 1150),
(2688, 1, 84.00, 180.70, 997.51, 'Venta de 2 unidades del producto 1177', 'VTA-000028', 1177),
(2689, 1, 47.92, 0.40, 572.43, 'Venta de 5 unidades del producto 1079', 'VTA-000029', 1079),
(2690, 2, 55.50, 5.56, 473.94, 'Venta de 2 unidades del producto 1113', 'VTA-000030', 1113),
(2691, 1, 91.54, 2.11, 306.52, 'Venta de 3 unidades del producto 1002', 'VTA-000031', 1002),
(2692, 3, 36.72, 112.34, 706.77, 'Venta de 5 unidades del producto 1118', 'VTA-000032', 1118),
(2693, 1, 99.11, 147.57, 716.01, 'Venta de 2 unidades del producto 1025', 'VTA-000033', 1025),
(2694, 2, 56.37, 169.55, 547.87, 'Venta de 1 unidades del producto 1137', 'VTA-000034', 1137),
(2695, 1, 46.63, 9.12, 829.10, 'Venta de 1 unidades del producto 1068', 'VTA-000035', 1068),
(2696, 4, 10.82, 54.93, 48.73, 'Venta de 3 unidades del producto 1112', 'VTA-000036', 1112),
(2697, 3, 65.12, 150.32, 804.26, 'Venta de 4 unidades del producto 1191', 'VTA-000037', 1191),
(2698, 5, 74.10, 60.89, 299.21, 'Venta de 3 unidades del producto 1084', 'VTA-000038', 1084),
(2699, 2, 61.18, 12.63, 480.19, 'Venta de 2 unidades del producto 1004', 'VTA-000039', 1004),
(2700, 3, 40.53, 134.45, 145.36, 'Venta de 4 unidades del producto 1124', 'VTA-000040', 1124),
(2701, 3, 86.54, 0.36, 412.76, 'Venta de 1 unidades del producto 1023', 'VTA-000041', 1023),
(2702, 1, 31.09, 54.12, 420.44, 'Venta de 2 unidades del producto 1011', 'VTA-000042', 1011),
(2703, 1, 83.66, 187.60, 180.18, 'Venta de 1 unidades del producto 1039', 'VTA-000043', 1039),
(2704, 2, 36.54, 39.65, 895.23, 'Venta de 5 unidades del producto 1179', 'VTA-000044', 1179),
(2705, 5, 64.70, 69.73, 802.17, 'Venta de 5 unidades del producto 1145', 'VTA-000045', 1145),
(2706, 1, 72.02, 3.31, 922.31, 'Venta de 3 unidades del producto 1084', 'VTA-000046', 1084),
(2707, 3, 50.27, 187.14, 170.40, 'Venta de 1 unidades del producto 1009', 'VTA-000047', 1009),
(2708, 3, 2.11, 161.76, 980.64, 'Venta de 3 unidades del producto 1143', 'VTA-000048', 1143),
(2709, 4, 57.21, 104.33, 891.86, 'Venta de 5 unidades del producto 1089', 'VTA-000049', 1089),
(2710, 2, 10.64, 126.89, 853.12, 'Venta de 2 unidades del producto 1160', 'VTA-000050', 1160),
(2711, 1, 10.62, 2.81, 751.62, 'Venta de 4 unidades del producto 1051', 'VTA-000051', 1051),
(2712, 3, 41.11, 124.76, 885.72, 'Venta de 3 unidades del producto 1066', 'VTA-000052', 1066),
(2713, 5, 47.33, 90.20, 835.09, 'Venta de 5 unidades del producto 1026', 'VTA-000053', 1026),
(2714, 3, 1.20, 72.10, 766.72, 'Venta de 4 unidades del producto 1122', 'VTA-000054', 1122),
(2715, 1, 83.89, 12.63, 799.10, 'Venta de 5 unidades del producto 1092', 'VTA-000055', 1092),
(2716, 4, 83.40, 186.10, 150.45, 'Venta de 5 unidades del producto 1127', 'VTA-000056', 1127),
(2717, 5, 33.55, 8.51, 206.23, 'Venta de 5 unidades del producto 1071', 'VTA-000057', 1071),
(2718, 4, 21.68, 147.31, 32.38, 'Venta de 5 unidades del producto 1180', 'VTA-000058', 1180),
(2719, 3, 32.25, 44.80, 152.46, 'Venta de 1 unidades del producto 1133', 'VTA-000059', 1133),
(2720, 4, 51.80, 97.92, 894.11, 'Venta de 1 unidades del producto 1199', 'VTA-000060', 1199),
(2721, 4, 14.78, 172.67, 873.51, 'Venta de 4 unidades del producto 1066', 'VTA-000061', 1066),
(2722, 1, 20.44, 3.88, 483.84, 'Venta de 2 unidades del producto 1054', 'VTA-000062', 1054),
(2723, 4, 35.99, 149.49, 657.49, 'Venta de 1 unidades del producto 1071', 'VTA-000063', 1071),
(2724, 1, 89.49, 16.31, 723.03, 'Venta de 2 unidades del producto 1051', 'VTA-000064', 1051),
(2725, 2, 48.24, 98.43, 13.50, 'Venta de 3 unidades del producto 1137', 'VTA-000065', 1137),
(2726, 4, 25.47, 174.94, 609.19, 'Venta de 3 unidades del producto 1183', 'VTA-000066', 1183),
(2727, 1, 87.60, 189.37, 106.08, 'Venta de 4 unidades del producto 1057', 'VTA-000067', 1057),
(2728, 3, 53.94, 187.43, 67.46, 'Venta de 3 unidades del producto 1027', 'VTA-000068', 1027),
(2729, 3, 50.44, 170.22, 742.13, 'Venta de 1 unidades del producto 1086', 'VTA-000069', 1086),
(2730, 2, 97.06, 172.38, 397.48, 'Venta de 3 unidades del producto 1113', 'VTA-000070', 1113),
(2731, 5, 93.32, 7.35, 384.04, 'Venta de 5 unidades del producto 1164', 'VTA-000071', 1164),
(2732, 1, 60.18, 166.35, 353.42, 'Venta de 2 unidades del producto 1180', 'VTA-000072', 1180),
(2733, 4, 50.02, 92.57, 813.43, 'Venta de 4 unidades del producto 1060', 'VTA-000073', 1060),
(2734, 4, 78.88, 151.05, 409.82, 'Venta de 4 unidades del producto 1191', 'VTA-000074', 1191),
(2735, 1, 36.33, 112.42, 720.50, 'Venta de 5 unidades del producto 1138', 'VTA-000075', 1138),
(2736, 2, 48.90, 79.24, 513.98, 'Venta de 2 unidades del producto 1084', 'VTA-000076', 1084),
(2737, 4, 30.35, 95.83, 485.09, 'Venta de 5 unidades del producto 1073', 'VTA-000077', 1073),
(2738, 3, 84.40, 168.20, 673.11, 'Venta de 5 unidades del producto 1097', 'VTA-000078', 1097),
(2739, 3, 61.53, 151.84, 950.25, 'Venta de 3 unidades del producto 1039', 'VTA-000079', 1039),
(2740, 1, 27.70, 177.49, 606.40, 'Venta de 2 unidades del producto 1104', 'VTA-000080', 1104),
(2741, 1, 9.25, 70.98, 496.95, 'Venta de 3 unidades del producto 1006', 'VTA-000081', 1006),
(2742, 4, 11.00, 37.38, 604.40, 'Venta de 3 unidades del producto 1122', 'VTA-000082', 1122),
(2743, 1, 93.16, 82.22, 260.87, 'Venta de 1 unidades del producto 1099', 'VTA-000083', 1099),
(2744, 4, 52.73, 137.93, 866.47, 'Venta de 2 unidades del producto 1115', 'VTA-000084', 1115),
(2745, 4, 83.86, 159.58, 473.80, 'Venta de 5 unidades del producto 1144', 'VTA-000085', 1144),
(2746, 2, 37.71, 168.14, 72.20, 'Venta de 5 unidades del producto 1091', 'VTA-000086', 1091),
(2747, 2, 92.65, 103.34, 804.04, 'Venta de 3 unidades del producto 1196', 'VTA-000087', 1196),
(2748, 2, 59.10, 22.33, 785.13, 'Venta de 3 unidades del producto 1188', 'VTA-000088', 1188),
(2749, 2, 29.74, 166.37, 267.25, 'Venta de 5 unidades del producto 1120', 'VTA-000089', 1120),
(2750, 3, 22.08, 129.78, 582.12, 'Venta de 5 unidades del producto 1081', 'VTA-000090', 1081),
(2751, 3, 15.72, 71.92, 326.32, 'Venta de 3 unidades del producto 1015', 'VTA-000091', 1015),
(2752, 2, 97.43, 14.84, 448.20, 'Venta de 1 unidades del producto 1157', 'VTA-000092', 1157),
(2753, 4, 16.31, 154.57, 374.85, 'Venta de 3 unidades del producto 1150', 'VTA-000093', 1150),
(2754, 4, 4.89, 87.64, 44.41, 'Venta de 5 unidades del producto 1131', 'VTA-000094', 1131),
(2755, 2, 27.47, 96.29, 583.29, 'Venta de 3 unidades del producto 1081', 'VTA-000095', 1081),
(2756, 4, 35.11, 169.17, 176.00, 'Venta de 2 unidades del producto 1123', 'VTA-000096', 1123),
(2757, 5, 91.17, 176.06, 666.36, 'Venta de 4 unidades del producto 1037', 'VTA-000097', 1037),
(2758, 2, 65.91, 136.01, 422.88, 'Venta de 1 unidades del producto 1092', 'VTA-000098', 1092),
(2759, 2, 14.44, 170.08, 818.98, 'Venta de 3 unidades del producto 1021', 'VTA-000099', 1021),
(2760, 4, 59.53, 189.79, 958.84, 'Venta de 5 unidades del producto 1053', 'VTA-000100', 1053),
(2762, 5, 1.07, 19.40, 453.02, 'Venta de 5 unidades del producto 1128', 'VTA-000001', 1128),
(2763, 4, 63.51, 54.84, 465.72, 'Venta de 3 unidades del producto 1103', 'VTA-000002', 1103),
(2764, 1, 33.75, 49.07, 214.25, 'Venta de 2 unidades del producto 1027', 'VTA-000003', 1027),
(2765, 1, 70.71, 10.23, 134.37, 'Venta de 3 unidades del producto 1007', 'VTA-000004', 1007),
(2766, 2, 38.16, 147.76, 549.28, 'Venta de 3 unidades del producto 1038', 'VTA-000005', 1038),
(2767, 3, 9.48, 42.70, 783.06, 'Venta de 2 unidades del producto 1001', 'VTA-000006', 1001),
(2768, 2, 42.47, 44.80, 845.83, 'Venta de 3 unidades del producto 1005', 'VTA-000007', 1005),
(2769, 3, 10.68, 164.57, 793.87, 'Venta de 3 unidades del producto 1050', 'VTA-000008', 1050),
(2770, 1, 17.75, 112.23, 273.22, 'Venta de 4 unidades del producto 1025', 'VTA-000009', 1025),
(2771, 5, 81.47, 63.32, 138.96, 'Venta de 4 unidades del producto 1119', 'VTA-000010', 1119),
(2772, 2, 60.18, 18.66, 661.20, 'Venta de 1 unidades del producto 1062', 'VTA-000011', 1062),
(2773, 4, 84.04, 46.66, 645.39, 'Venta de 3 unidades del producto 1030', 'VTA-000012', 1030),
(2774, 5, 46.96, 121.64, 632.22, 'Venta de 2 unidades del producto 1140', 'VTA-000013', 1140),
(2775, 5, 24.58, 93.31, 595.32, 'Venta de 3 unidades del producto 1158', 'VTA-000014', 1158),
(2776, 4, 52.13, 63.18, 15.43, 'Venta de 1 unidades del producto 1020', 'VTA-000015', 1020),
(2777, 4, 28.04, 110.41, 918.98, 'Venta de 5 unidades del producto 1121', 'VTA-000016', 1121),
(2778, 5, 52.84, 7.78, 609.25, 'Venta de 5 unidades del producto 1188', 'VTA-000017', 1188),
(2779, 2, 9.16, 105.51, 363.04, 'Venta de 2 unidades del producto 1164', 'VTA-000018', 1164),
(2780, 4, 12.45, 123.19, 706.34, 'Venta de 4 unidades del producto 1015', 'VTA-000019', 1015),
(2781, 3, 34.20, 72.97, 798.35, 'Venta de 5 unidades del producto 1060', 'VTA-000020', 1060),
(2782, 4, 53.82, 80.97, 409.71, 'Venta de 5 unidades del producto 1019', 'VTA-000021', 1019),
(2783, 2, 18.36, 62.95, 23.02, 'Venta de 1 unidades del producto 1189', 'VTA-000022', 1189),
(2784, 3, 70.78, 60.23, 382.53, 'Venta de 1 unidades del producto 1157', 'VTA-000023', 1157),
(2785, 3, 62.43, 145.99, 777.01, 'Venta de 4 unidades del producto 1180', 'VTA-000024', 1180),
(2786, 4, 75.57, 172.97, 56.93, 'Venta de 4 unidades del producto 1029', 'VTA-000025', 1029),
(2787, 2, 80.95, 11.55, 860.20, 'Venta de 1 unidades del producto 1057', 'VTA-000026', 1057),
(2788, 5, 36.19, 17.57, 353.45, 'Venta de 3 unidades del producto 1012', 'VTA-000027', 1012),
(2789, 4, 52.85, 60.06, 915.91, 'Venta de 4 unidades del producto 1092', 'VTA-000028', 1092),
(2790, 1, 2.75, 111.71, 710.30, 'Venta de 5 unidades del producto 1130', 'VTA-000029', 1130),
(2791, 4, 31.96, 151.94, 839.81, 'Venta de 5 unidades del producto 1050', 'VTA-000030', 1050),
(2792, 4, 96.47, 180.11, 608.57, 'Venta de 2 unidades del producto 1017', 'VTA-000031', 1017),
(2793, 2, 24.80, 21.38, 790.41, 'Venta de 4 unidades del producto 1177', 'VTA-000032', 1177),
(2794, 1, 80.81, 188.37, 285.08, 'Venta de 3 unidades del producto 1158', 'VTA-000033', 1158),
(2795, 5, 16.94, 17.27, 923.42, 'Venta de 2 unidades del producto 1029', 'VTA-000034', 1029),
(2796, 1, 7.25, 56.58, 196.80, 'Venta de 1 unidades del producto 1005', 'VTA-000035', 1005),
(2797, 1, 86.68, 51.72, 692.64, 'Venta de 4 unidades del producto 1018', 'VTA-000036', 1018),
(2798, 4, 59.38, 153.20, 48.57, 'Venta de 5 unidades del producto 1072', 'VTA-000037', 1072),
(2799, 1, 55.32, 118.56, 304.47, 'Venta de 4 unidades del producto 1116', 'VTA-000038', 1116),
(2800, 4, 58.09, 100.86, 779.01, 'Venta de 2 unidades del producto 1162', 'VTA-000039', 1162),
(2801, 4, 88.27, 50.33, 610.20, 'Venta de 2 unidades del producto 1115', 'VTA-000040', 1115),
(2802, 2, 85.86, 41.56, 463.18, 'Venta de 4 unidades del producto 1131', 'VTA-000041', 1131),
(2803, 2, 21.95, 46.90, 513.86, 'Venta de 5 unidades del producto 1015', 'VTA-000042', 1015),
(2804, 2, 33.47, 131.09, 273.22, 'Venta de 2 unidades del producto 1158', 'VTA-000043', 1158),
(2805, 4, 93.88, 121.76, 227.53, 'Venta de 2 unidades del producto 1036', 'VTA-000044', 1036),
(2806, 3, 55.76, 96.07, 728.91, 'Venta de 2 unidades del producto 1175', 'VTA-000045', 1175),
(2807, 3, 22.46, 98.53, 789.60, 'Venta de 3 unidades del producto 1167', 'VTA-000046', 1167),
(2808, 3, 54.14, 43.08, 452.78, 'Venta de 4 unidades del producto 1197', 'VTA-000047', 1197),
(2809, 4, 80.48, 125.24, 716.64, 'Venta de 4 unidades del producto 1147', 'VTA-000048', 1147),
(2810, 4, 63.66, 185.95, 738.85, 'Venta de 5 unidades del producto 1075', 'VTA-000049', 1075),
(2811, 5, 21.50, 118.05, 306.46, 'Venta de 4 unidades del producto 1062', 'VTA-000050', 1062),
(2812, 1, 11.35, 20.19, 164.33, 'Venta de 3 unidades del producto 1178', 'VTA-000051', 1178),
(2813, 5, 43.82, 69.29, 417.71, 'Venta de 1 unidades del producto 1021', 'VTA-000052', 1021),
(2814, 5, 10.29, 13.13, 19.61, 'Venta de 5 unidades del producto 1199', 'VTA-000053', 1199),
(2815, 3, 31.35, 194.98, 934.11, 'Venta de 4 unidades del producto 1090', 'VTA-000054', 1090),
(2816, 2, 20.51, 166.81, 554.83, 'Venta de 2 unidades del producto 1186', 'VTA-000055', 1186),
(2817, 4, 22.51, 27.61, 15.09, 'Venta de 4 unidades del producto 1140', 'VTA-000056', 1140),
(2818, 2, 82.19, 29.35, 267.92, 'Venta de 5 unidades del producto 1053', 'VTA-000057', 1053),
(2819, 4, 76.06, 99.73, 211.49, 'Venta de 3 unidades del producto 1139', 'VTA-000058', 1139),
(2820, 1, 38.92, 80.08, 834.55, 'Venta de 5 unidades del producto 1035', 'VTA-000059', 1035),
(2821, 5, 21.26, 99.68, 854.19, 'Venta de 4 unidades del producto 1071', 'VTA-000060', 1071),
(2822, 2, 32.45, 171.65, 317.70, 'Venta de 1 unidades del producto 1064', 'VTA-000061', 1064),
(2823, 3, 33.92, 16.88, 404.18, 'Venta de 4 unidades del producto 1024', 'VTA-000062', 1024),
(2824, 5, 26.04, 163.69, 311.17, 'Venta de 1 unidades del producto 1126', 'VTA-000063', 1126),
(2825, 3, 0.97, 83.71, 63.60, 'Venta de 1 unidades del producto 1114', 'VTA-000064', 1114),
(2826, 3, 73.02, 78.96, 783.39, 'Venta de 4 unidades del producto 1025', 'VTA-000065', 1025),
(2827, 2, 88.58, 66.99, 17.40, 'Venta de 1 unidades del producto 1063', 'VTA-000066', 1063),
(2828, 3, 66.27, 133.99, 361.55, 'Venta de 4 unidades del producto 1072', 'VTA-000067', 1072),
(2829, 1, 93.95, 60.99, 706.21, 'Venta de 4 unidades del producto 1181', 'VTA-000068', 1181),
(2830, 5, 93.11, 152.85, 28.13, 'Venta de 5 unidades del producto 1193', 'VTA-000069', 1193),
(2831, 2, 68.99, 151.39, 714.90, 'Venta de 2 unidades del producto 1031', 'VTA-000070', 1031),
(2832, 5, 66.51, 90.80, 274.52, 'Venta de 1 unidades del producto 1075', 'VTA-000071', 1075),
(2833, 1, 89.57, 25.46, 949.55, 'Venta de 2 unidades del producto 1046', 'VTA-000072', 1046),
(2834, 5, 8.23, 199.43, 739.08, 'Venta de 4 unidades del producto 1197', 'VTA-000073', 1197),
(2835, 2, 9.01, 50.53, 992.85, 'Venta de 2 unidades del producto 1061', 'VTA-000074', 1061),
(2836, 4, 7.05, 83.01, 863.67, 'Venta de 1 unidades del producto 1011', 'VTA-000075', 1011),
(2837, 4, 94.90, 156.18, 57.46, 'Venta de 5 unidades del producto 1155', 'VTA-000076', 1155),
(2838, 5, 94.70, 195.10, 36.42, 'Venta de 2 unidades del producto 1111', 'VTA-000077', 1111),
(2839, 1, 88.09, 34.36, 216.43, 'Venta de 3 unidades del producto 1034', 'VTA-000078', 1034),
(2840, 2, 55.76, 24.30, 934.61, 'Venta de 2 unidades del producto 1037', 'VTA-000079', 1037),
(2841, 4, 62.80, 166.60, 281.17, 'Venta de 5 unidades del producto 1148', 'VTA-000080', 1148),
(2842, 4, 58.93, 150.04, 982.84, 'Venta de 4 unidades del producto 1139', 'VTA-000081', 1139),
(2843, 5, 18.35, 68.34, 157.82, 'Venta de 4 unidades del producto 1074', 'VTA-000082', 1074),
(2844, 3, 16.54, 100.76, 22.80, 'Venta de 4 unidades del producto 1070', 'VTA-000083', 1070),
(2845, 5, 74.48, 195.32, 648.65, 'Venta de 2 unidades del producto 1189', 'VTA-000084', 1189),
(2846, 1, 96.15, 62.59, 680.10, 'Venta de 3 unidades del producto 1125', 'VTA-000085', 1125),
(2847, 5, 97.22, 199.04, 59.41, 'Venta de 2 unidades del producto 1054', 'VTA-000086', 1054),
(2848, 5, 66.35, 87.49, 196.70, 'Venta de 4 unidades del producto 1076', 'VTA-000087', 1076),
(2849, 5, 78.22, 92.61, 968.56, 'Venta de 3 unidades del producto 1154', 'VTA-000088', 1154),
(2850, 3, 17.74, 105.47, 104.62, 'Venta de 5 unidades del producto 1073', 'VTA-000089', 1073),
(2851, 1, 49.17, 11.82, 820.48, 'Venta de 5 unidades del producto 1079', 'VTA-000090', 1079),
(2852, 1, 73.58, 108.36, 501.65, 'Venta de 5 unidades del producto 1033', 'VTA-000091', 1033),
(2853, 5, 76.58, 26.46, 364.11, 'Venta de 3 unidades del producto 1182', 'VTA-000092', 1182),
(2854, 5, 22.09, 104.96, 961.31, 'Venta de 2 unidades del producto 1006', 'VTA-000093', 1006),
(2855, 4, 60.64, 194.03, 31.49, 'Venta de 2 unidades del producto 1056', 'VTA-000094', 1056),
(2856, 5, 38.57, 8.84, 63.87, 'Venta de 1 unidades del producto 1029', 'VTA-000095', 1029),
(2857, 1, 52.91, 38.37, 371.87, 'Venta de 2 unidades del producto 1149', 'VTA-000096', 1149),
(2858, 4, 42.53, 24.93, 347.15, 'Venta de 2 unidades del producto 1061', 'VTA-000097', 1061),
(2859, 4, 46.39, 11.84, 904.27, 'Venta de 2 unidades del producto 1154', 'VTA-000098', 1154),
(2860, 5, 97.21, 173.35, 417.39, 'Venta de 3 unidades del producto 1002', 'VTA-000099', 1002),
(2861, 3, 69.22, 23.78, 517.90, 'Venta de 2 unidades del producto 1037', 'VTA-000100', 1037),
(2863, 1, 95.49, 78.98, 110.05, 'Venta de 2 unidades del producto 1179', 'VTA-000001', 1179),
(2864, 2, 45.75, 23.56, 216.54, 'Venta de 4 unidades del producto 1100', 'VTA-000002', 1100),
(2865, 4, 99.37, 115.55, 907.59, 'Venta de 5 unidades del producto 1200', 'VTA-000003', 1200),
(2866, 1, 54.72, 93.21, 688.78, 'Venta de 1 unidades del producto 1061', 'VTA-000004', 1061),
(2867, 4, 88.45, 79.98, 345.78, 'Venta de 3 unidades del producto 1033', 'VTA-000005', 1033),
(2868, 3, 45.83, 184.06, 226.75, 'Venta de 2 unidades del producto 1122', 'VTA-000006', 1122),
(2869, 4, 44.86, 168.69, 871.41, 'Venta de 5 unidades del producto 1037', 'VTA-000007', 1037),
(2870, 1, 1.82, 149.18, 674.81, 'Venta de 1 unidades del producto 1104', 'VTA-000008', 1104),
(2871, 5, 42.30, 95.44, 117.02, 'Venta de 1 unidades del producto 1132', 'VTA-000009', 1132),
(2872, 4, 86.55, 91.59, 693.19, 'Venta de 1 unidades del producto 1084', 'VTA-000010', 1084),
(2873, 4, 0.39, 26.23, 643.87, 'Venta de 5 unidades del producto 1077', 'VTA-000011', 1077),
(2874, 3, 97.22, 64.18, 687.85, 'Venta de 3 unidades del producto 1040', 'VTA-000012', 1040),
(2875, 1, 87.14, 171.93, 684.30, 'Venta de 5 unidades del producto 1064', 'VTA-000013', 1064),
(2876, 2, 87.04, 108.56, 102.85, 'Venta de 5 unidades del producto 1032', 'VTA-000014', 1032),
(2877, 5, 36.45, 197.36, 840.61, 'Venta de 2 unidades del producto 1025', 'VTA-000015', 1025),
(2878, 4, 56.49, 128.33, 513.62, 'Venta de 4 unidades del producto 1139', 'VTA-000016', 1139),
(2879, 3, 19.62, 129.78, 655.93, 'Venta de 2 unidades del producto 1135', 'VTA-000017', 1135),
(2880, 3, 33.52, 44.10, 97.05, 'Venta de 5 unidades del producto 1140', 'VTA-000018', 1140),
(2881, 4, 84.89, 49.14, 681.86, 'Venta de 4 unidades del producto 1166', 'VTA-000019', 1166),
(2882, 3, 85.00, 114.55, 313.83, 'Venta de 5 unidades del producto 1064', 'VTA-000020', 1064),
(2883, 1, 12.32, 115.71, 523.20, 'Venta de 5 unidades del producto 1063', 'VTA-000021', 1063),
(2884, 3, 10.18, 190.04, 445.50, 'Venta de 2 unidades del producto 1167', 'VTA-000022', 1167),
(2885, 4, 40.36, 37.83, 735.10, 'Venta de 1 unidades del producto 1110', 'VTA-000023', 1110),
(2886, 2, 74.61, 136.01, 162.08, 'Venta de 4 unidades del producto 1067', 'VTA-000024', 1067),
(2887, 3, 47.31, 164.94, 704.47, 'Venta de 1 unidades del producto 1073', 'VTA-000025', 1073),
(2888, 3, 8.02, 184.70, 376.93, 'Venta de 1 unidades del producto 1026', 'VTA-000026', 1026),
(2889, 5, 96.97, 54.86, 462.59, 'Venta de 3 unidades del producto 1089', 'VTA-000027', 1089),
(2890, 5, 1.83, 113.71, 787.95, 'Venta de 2 unidades del producto 1013', 'VTA-000028', 1013),
(2891, 2, 22.85, 30.85, 85.57, 'Venta de 5 unidades del producto 1162', 'VTA-000029', 1162),
(2892, 5, 3.73, 68.06, 589.65, 'Venta de 5 unidades del producto 1114', 'VTA-000030', 1114),
(2893, 3, 17.48, 41.57, 514.66, 'Venta de 5 unidades del producto 1174', 'VTA-000031', 1174),
(2894, 1, 26.46, 159.01, 181.47, 'Venta de 3 unidades del producto 1042', 'VTA-000032', 1042),
(2895, 4, 63.36, 173.54, 437.79, 'Venta de 3 unidades del producto 1014', 'VTA-000033', 1014),
(2896, 2, 76.11, 168.02, 917.43, 'Venta de 1 unidades del producto 1124', 'VTA-000034', 1124),
(2897, 4, 79.63, 171.29, 893.52, 'Venta de 5 unidades del producto 1117', 'VTA-000035', 1117),
(2898, 2, 35.68, 142.24, 485.46, 'Venta de 2 unidades del producto 1163', 'VTA-000036', 1163),
(2899, 1, 86.73, 158.70, 365.79, 'Venta de 3 unidades del producto 1003', 'VTA-000037', 1003),
(2900, 2, 45.85, 31.32, 407.75, 'Venta de 3 unidades del producto 1029', 'VTA-000038', 1029),
(2901, 2, 13.12, 91.82, 902.09, 'Venta de 1 unidades del producto 1125', 'VTA-000039', 1125),
(2902, 2, 10.72, 69.04, 404.31, 'Venta de 5 unidades del producto 1192', 'VTA-000040', 1192),
(2903, 4, 97.67, 1.56, 108.77, 'Venta de 3 unidades del producto 1144', 'VTA-000041', 1144),
(2904, 5, 26.35, 172.58, 523.86, 'Venta de 1 unidades del producto 1056', 'VTA-000042', 1056),
(2905, 5, 33.60, 46.27, 148.82, 'Venta de 1 unidades del producto 1117', 'VTA-000043', 1117),
(2906, 5, 93.28, 11.53, 489.78, 'Venta de 2 unidades del producto 1161', 'VTA-000044', 1161),
(2907, 4, 88.76, 53.36, 671.31, 'Venta de 3 unidades del producto 1183', 'VTA-000045', 1183),
(2908, 1, 52.43, 25.44, 62.91, 'Venta de 5 unidades del producto 1154', 'VTA-000046', 1154),
(2909, 3, 48.11, 131.92, 854.89, 'Venta de 2 unidades del producto 1096', 'VTA-000047', 1096),
(2910, 4, 65.68, 49.25, 260.86, 'Venta de 3 unidades del producto 1183', 'VTA-000048', 1183),
(2911, 3, 50.58, 188.90, 205.19, 'Venta de 1 unidades del producto 1009', 'VTA-000049', 1009),
(2912, 1, 74.23, 48.37, 982.48, 'Venta de 1 unidades del producto 1070', 'VTA-000050', 1070),
(2913, 2, 90.07, 77.52, 235.81, 'Venta de 1 unidades del producto 1198', 'VTA-000051', 1198),
(2914, 5, 97.97, 87.55, 249.73, 'Venta de 5 unidades del producto 1075', 'VTA-000052', 1075),
(2915, 5, 38.09, 81.16, 886.38, 'Venta de 2 unidades del producto 1186', 'VTA-000053', 1186),
(2916, 3, 87.69, 22.88, 941.15, 'Venta de 2 unidades del producto 1083', 'VTA-000054', 1083),
(2917, 5, 32.96, 13.82, 356.68, 'Venta de 3 unidades del producto 1198', 'VTA-000055', 1198),
(2918, 2, 19.53, 199.97, 413.44, 'Venta de 1 unidades del producto 1163', 'VTA-000056', 1163),
(2919, 2, 13.28, 161.73, 644.99, 'Venta de 4 unidades del producto 1020', 'VTA-000057', 1020),
(2920, 5, 32.97, 188.66, 727.34, 'Venta de 5 unidades del producto 1012', 'VTA-000058', 1012),
(2921, 5, 63.92, 135.84, 478.35, 'Venta de 2 unidades del producto 1171', 'VTA-000059', 1171),
(2922, 4, 7.27, 103.13, 360.21, 'Venta de 2 unidades del producto 1068', 'VTA-000060', 1068),
(2923, 1, 36.15, 49.83, 161.33, 'Venta de 1 unidades del producto 1038', 'VTA-000061', 1038),
(2924, 5, 97.31, 44.03, 181.66, 'Venta de 2 unidades del producto 1163', 'VTA-000062', 1163),
(2925, 4, 55.02, 114.32, 207.54, 'Venta de 2 unidades del producto 1139', 'VTA-000063', 1139),
(2926, 5, 97.68, 182.49, 632.01, 'Venta de 3 unidades del producto 1199', 'VTA-000064', 1199),
(2927, 5, 44.29, 151.44, 457.43, 'Venta de 1 unidades del producto 1044', 'VTA-000065', 1044),
(2928, 3, 28.82, 199.64, 126.38, 'Venta de 4 unidades del producto 1142', 'VTA-000066', 1142),
(2929, 1, 19.93, 124.81, 522.34, 'Venta de 4 unidades del producto 1162', 'VTA-000067', 1162),
(2930, 3, 78.13, 120.50, 668.65, 'Venta de 3 unidades del producto 1027', 'VTA-000068', 1027),
(2931, 4, 76.50, 110.99, 479.81, 'Venta de 4 unidades del producto 1135', 'VTA-000069', 1135),
(2932, 5, 7.93, 106.46, 423.61, 'Venta de 3 unidades del producto 1047', 'VTA-000070', 1047),
(2933, 1, 54.90, 82.61, 418.14, 'Venta de 5 unidades del producto 1067', 'VTA-000071', 1067),
(2934, 3, 30.32, 25.60, 730.18, 'Venta de 2 unidades del producto 1001', 'VTA-000072', 1001),
(2935, 5, 16.80, 15.94, 894.45, 'Venta de 2 unidades del producto 1029', 'VTA-000073', 1029),
(2936, 4, 11.84, 90.49, 906.89, 'Venta de 1 unidades del producto 1097', 'VTA-000074', 1097),
(2937, 2, 97.55, 198.97, 47.79, 'Venta de 2 unidades del producto 1034', 'VTA-000075', 1034),
(2938, 5, 1.67, 88.29, 157.40, 'Venta de 3 unidades del producto 1026', 'VTA-000076', 1026),
(2939, 5, 55.67, 67.22, 10.41, 'Venta de 1 unidades del producto 1169', 'VTA-000077', 1169),
(2940, 5, 47.26, 188.35, 290.87, 'Venta de 4 unidades del producto 1038', 'VTA-000078', 1038),
(2941, 3, 56.32, 77.42, 245.90, 'Venta de 1 unidades del producto 1055', 'VTA-000079', 1055),
(2942, 5, 25.68, 168.65, 445.82, 'Venta de 4 unidades del producto 1121', 'VTA-000080', 1121),
(2943, 4, 1.96, 199.82, 936.70, 'Venta de 4 unidades del producto 1032', 'VTA-000081', 1032),
(2944, 1, 36.32, 136.17, 314.61, 'Venta de 3 unidades del producto 1125', 'VTA-000082', 1125),
(2945, 5, 63.26, 61.59, 641.84, 'Venta de 2 unidades del producto 1142', 'VTA-000083', 1142),
(2946, 4, 75.22, 161.35, 777.37, 'Venta de 3 unidades del producto 1101', 'VTA-000084', 1101),
(2947, 4, 1.46, 52.67, 272.80, 'Venta de 3 unidades del producto 1001', 'VTA-000085', 1001),
(2948, 3, 52.42, 2.77, 496.45, 'Venta de 3 unidades del producto 1011', 'VTA-000086', 1011),
(2949, 2, 10.55, 155.66, 574.92, 'Venta de 3 unidades del producto 1143', 'VTA-000087', 1143),
(2950, 2, 33.23, 181.78, 547.57, 'Venta de 1 unidades del producto 1195', 'VTA-000088', 1195),
(2951, 1, 92.14, 102.11, 788.45, 'Venta de 3 unidades del producto 1083', 'VTA-000089', 1083),
(2952, 2, 97.35, 49.03, 305.30, 'Venta de 4 unidades del producto 1138', 'VTA-000090', 1138),
(2953, 5, 0.01, 105.88, 646.79, 'Venta de 4 unidades del producto 1008', 'VTA-000091', 1008),
(2954, 3, 66.28, 159.32, 994.65, 'Venta de 3 unidades del producto 1058', 'VTA-000092', 1058),
(2955, 5, 78.68, 36.31, 547.36, 'Venta de 1 unidades del producto 1187', 'VTA-000093', 1187),
(2956, 1, 12.05, 111.47, 425.34, 'Venta de 3 unidades del producto 1064', 'VTA-000094', 1064),
(2957, 4, 11.44, 141.76, 200.80, 'Venta de 5 unidades del producto 1200', 'VTA-000095', 1200),
(2958, 2, 11.83, 141.29, 177.48, 'Venta de 4 unidades del producto 1158', 'VTA-000096', 1158),
(2959, 2, 24.66, 106.28, 917.29, 'Venta de 5 unidades del producto 1062', 'VTA-000097', 1062),
(2960, 1, 71.56, 74.46, 714.82, 'Venta de 3 unidades del producto 1042', 'VTA-000098', 1042),
(2961, 2, 25.41, 52.72, 555.48, 'Venta de 5 unidades del producto 1029', 'VTA-000099', 1029),
(2962, 2, 7.36, 48.65, 995.44, 'Venta de 2 unidades del producto 1054', 'VTA-000100', 1054);

--
-- Restricciones para tablas volcadas
--

--
-- Filtros para la tabla `producto`
--
ALTER TABLE `producto`
  ADD CONSTRAINT `producto_ibfk_2` FOREIGN KEY (`categoria_id`) REFERENCES `categoria` (`categoria_id`);

--
-- Filtros para la tabla `venta`
--
ALTER TABLE `venta`
  ADD CONSTRAINT `venta_ibfk_1` FOREIGN KEY (`usuario_id`) REFERENCES `usuario` (`usuario_id`),
  ADD CONSTRAINT `venta_ibfk_2` FOREIGN KEY (`cliente_id`) REFERENCES `cliente` (`cliente_id`),
  ADD CONSTRAINT `venta_ibfk_3` FOREIGN KEY (`caja_id`) REFERENCES `caja` (`caja_id`);

--
-- Filtros para la tabla `venta_detalle`
--
ALTER TABLE `venta_detalle`
  ADD CONSTRAINT `venta_detalle_ibfk_2` FOREIGN KEY (`producto_id`) REFERENCES `producto` (`producto_id`),
  ADD CONSTRAINT `venta_detalle_ibfk_3` FOREIGN KEY (`venta_codigo`) REFERENCES `venta` (`venta_codigo`);
COMMIT;

/*!40101 SET CHARACTER_SET_CLIENT=@OLD_CHARACTER_SET_CLIENT */;
/*!40101 SET CHARACTER_SET_RESULTS=@OLD_CHARACTER_SET_RESULTS */;
/*!40101 SET COLLATION_CONNECTION=@OLD_COLLATION_CONNECTION */;
